date_id,date_id,Biomass,Grid emission factor,Hard Coal,Hydro,Lignite,Natural Gas,Nuclear,Other,Pumped storage generation,Solar,Conventional,Total electricity demand,Total grid emissions,Wind offshore,Wind onshore,Total Renewables,Total Conventional,Renewable share,Conventional share
2023-01-01T00:00:00,2023-01-01T00:00:00,113.845,204.436,53.144,45.139,101.041,175.633,59.22,60.946,10.472,48.171,460.455,1077.603,247.806953,107.82,530.903,845.878,460.456,64.75204656695762,35.24795343304239
2023-01-02T00:00:00,2023-01-02T00:00:00,116.824,325.709,81.831,45.367,265.115,192.186,59.219,65.805,15.373,37.343,679.529,1336.421,468.215791,84.541,549.719,833.7940000000001,679.5290000000002,55.09689603607425,44.90310396392575
2023-01-03T00:00:00,2023-01-03T00:00:00,118.713,440.302,169.844,47.96,326.966,215.845,59.241,73.369,25.36,48.973,870.625,1430.902,637.186403,100.794,309.688,626.1279999999999,870.625,41.832419911635384,58.16758008836461
2023-01-04T00:00:00,2023-01-04T00:00:00,118.295,203.504,133.502,47.496,126.027,191.628,58.612,57.816,14.61,14.88,582.197,1510.066,350.631719,123.306,913.257,1217.234,582.195,67.64556978908308,32.35443021091691
2023-01-05T00:00:00,2023-01-05T00:00:00,120.645,326.276,169.421,47.662,218.035,218,58.265,66.403,27.318,24.861,757.441,1457.356,511.10263,61.299,601.81,856.2769999999999,757.442,53.06233613163134,46.93766386836866
2023-01-06T00:00:00,2023-01-06T00:00:00,121.913,340.277,119.504,44.956,252.55,209.432,58.207,71.505,13.969,32.728,725.166,1410.896,506.267091,132.794,487.011,819.402,725.167,53.050527363944255,46.94947263605576
2023-01-07T00:00:00,2023-01-07T00:00:00,121.691,278.021,59.021,43.293,177.164,190.269,57.992,63.739,14.295,51.011,562.481,1300.471,349.670305,138.77,418.469,773.2339999999999,562.48,57.88918885330242,42.11081114669757
2023-01-08T00:00:00,2023-01-08T00:00:00,121.194,267.587,58.269,44.531,165,190.685,58.102,65.803,19.468,25.467,557.327,1289.407,338.362735,147.363,446.121,784.6759999999999,557.3269999999999,58.47051012553624,41.52948987446377
2023-01-09T00:00:00,2023-01-09T00:00:00,121.536,399.651,155.192,48.68,309.481,220.513,57.771,68.477,26.054,28.595,837.488,1522.347,602.170328,94.956,419.839,713.606,837.4879999999999,46.00662500145059,53.993374998549406
2023-01-10T00:00:00,2023-01-10T00:00:00,120.585,407.324,176.12,52.23,349.356,221.891,57.587,68.96,19.405,32.165,893.318,1579.867,664.464537,93.413,482.287,780.68,893.319,46.63563120408077,53.36436879591923
2023-01-11T00:00:00,2023-01-11T00:00:00,119.635,321.559,154.505,52.351,263.382,211.032,57.123,66.289,24.09,20.93,776.421,1589.009,541.978652,115.443,655.434,963.7929999999999,776.421,55.38359075378085,44.61640924621915
2023-01-12T00:00:00,2023-01-12T00:00:00,119.708,222.418,126.112,52.563,160.318,198.771,56.614,62.946,23.575,21.18,628.336,1562.352,394.205508,114.27,904.624,1212.345,628.3360000000001,65.86393840105917,34.136061598940834
2023-01-13T00:00:00,2023-01-13T00:00:00,120.529,203.438,117.974,54.223,119.66,212.13,55.772,62.886,24.661,39.65,593.085,1534.86,354.615684,101.777,887.296,1203.4750000000001,593.0830000000001,66.98781781606829,33.01218218393172
2023-01-14T00:00:00,2023-01-14T00:00:00,120.033,181.621,81.785,48.893,102.711,192.895,56.419,60.103,12.218,33.397,506.131,1359.891,286.490205,139.622,804.257,1146.202,506.131,69.36870473445728,30.631295265542718
2023-01-15T00:00:00,2023-01-15T00:00:00,118.354,186.647,89.892,45.691,105.691,193.552,56.133,58.587,7.124,26.933,510.979,1319.697,295.058349,109.365,843.819,1144.162,510.979,69.1277661540618,30.872233845938197
2023-01-16T00:00:00,2023-01-16T00:00:00,121.178,355.946,193.329,48.201,276.369,242.026,55.986,64.491,23.866,56.144,856.068,1544.779,610.709832,79.36,575.313,880.1959999999999,856.067,50.69485440857749,49.3051455914225
2023-01-17T00:00:00,2023-01-17T00:00:00,121.442,414.416,252.308,50.491,320.621,272.663,55.636,70.837,22.155,65.501,994.221,1605.54,736.080743,118.697,412.494,768.625,994.2199999999999,43.60139433699503,56.39860566300497
2023-01-18T00:00:00,2023-01-18T00:00:00,122.317,486.502,305.723,50.813,339.965,306.715,55.147,67.399,14.44,36.785,1089.389,1613.786,828.69197,111.949,240.915,562.779,1089.3890000000001,34.063061383588106,65.9369386164119
2023-01-19T00:00:00,2023-01-19T00:00:00,121.577,442.708,316.107,51.862,320.253,311.827,61.486,73.772,15.503,39.494,1098.948,1631.65,823.662675,101.213,390.681,704.827,1098.9479999999999,39.07510637413203,60.92489362586797
2023-01-20T00:00:00,2023-01-20T00:00:00,122.468,570.521,358.215,56.113,358.512,338.589,65.963,70.697,25.081,27.385,1217.057,1583.061,921.288288,23.179,81.971,311.116,1217.057,20.358689755675567,79.64131024432444
2023-01-21T00:00:00,2023-01-21T00:00:00,121.688,510.385,320.951,49.774,341.149,285.596,64.269,73.186,5.457,17.952,1090.608,1462.209,831.345868,33.007,288.213,510.634,1090.6080000000002,31.88987048803366,68.11012951196635
2023-01-22T00:00:00,2023-01-22T00:00:00,122.064,538.222,305.516,44.373,354.881,294.703,50.448,72.064,15.111,8.413,1092.723,1384.172,840.685508,44.963,211.82,431.633,1092.723,28.315760885252526,71.68423911474747
2023-01-23T00:00:00,2023-01-23T00:00:00,122.006,580.222,352.341,53.981,385.398,350.233,51.691,73.873,25.878,14.708,1239.414,1556.108,958.224751,9.021,112.863,312.579,1239.414,20.140490324376465,79.85950967562354
2023-01-24T00:00:00,2023-01-24T00:00:00,123.015,595.304,371.087,56.435,384.608,344.964,51.404,77.199,27.159,14.821,1256.42,1601.427,970.447039,6.54,79.328,280.139,1256.421,18.23156921955537,81.76843078044463
2023-01-25T00:00:00,2023-01-25T00:00:00,124.536,589.305,380.559,56.002,384.919,361.691,51.428,76.627,23.564,8.548,1278.788,1600.143,993.000627,66.295,38.667,294.048,1278.7880000000002,18.695401173421764,81.30459882657823
2023-01-26T00:00:00,2023-01-26T00:00:00,123.828,580.051,354.305,54.696,395.257,349.534,51.347,84.095,17.124,11.772,1251.661,1616.146,979.074345,93.752,53.579,337.627,1251.662,21.243902147438256,78.75609785256175
2023-01-27T00:00:00,2023-01-27T00:00:00,123.945,557.461,328.056,48.886,391.928,341.387,51.254,83.234,19.055,19.11,1214.915,1595.073,948.876211,41.878,163.9,397.71899999999994,1214.9139999999998,24.662709990431797,75.33729000956819
2023-01-28T00:00:00,2023-01-28T00:00:00,124.035,585.519,290.325,44.514,379.719,323.79,51.078,83.258,8.72,26.479,1136.889,1411.137,891.070151,40.553,79.474,315.055,1136.89,21.698824679998207,78.30117532000179
2023-01-29T00:00:00,2023-01-29T00:00:00,121.586,379.864,139.045,40.888,234.938,283.98,51.008,81.649,10.172,33.849,800.793,1363.197,574.359321,99.579,389.546,685.448,800.792,46.11960383249004,53.88039616750996
2023-01-30T00:00:00,2023-01-30T00:00:00,118.986,285.505,134.578,44.391,195.337,270.181,50.841,73.773,17.065,34.706,741.775,1607.777,505.136822,87.284,731.619,1016.9860000000001,741.7750000000001,57.8240022379391,42.17599776206091
2023-01-31T00:00:00,2023-01-31T00:00:00,119.888,289.701,147.972,43.819,183.483,285.746,50.76,77.177,16.161,29.723,761.298,1631.355,519.465435,78.208,732.457,1004.095,761.299,56.876538608378645,43.12346139162136
2023-02-01T00:00:00,2023-02-01T00:00:00,118.883,257.339,129.391,40.995,170.12,270.401,50.227,80.036,14.093,28.782,714.268,1639.113,472.223292,74.77,870.886,1134.316,714.2679999999999,61.361344683281914,38.63865531671809
2023-02-02T00:00:00,2023-02-02T00:00:00,121.965,381.363,210.287,43.197,277.187,283.939,51.069,76.661,17.921,33.244,917.064,1629.442,662.991258,78.865,550.526,827.797,917.0640000000001,47.44200254346907,52.55799745653093
2023-02-03T00:00:00,2023-02-03T00:00:00,119.326,291.746,186.641,44.076,208.68,246.244,50.881,78.404,5.172,23.955,776.023,1634.399,544.48103,62.348,867.176,1116.881,776.022,59.00360451644907,40.99639548355093
2023-02-04T00:00:00,2023-02-04T00:00:00,122.268,500.838,221.357,46.12,302.185,257.7,51.053,68.391,21.723,83.855,922.41,1364.485,674.575958,32.849,159.951,445.043,922.4089999999999,32.545420241441754,67.45457975855825
2023-02-05T00:00:00,2023-02-05T00:00:00,120.501,486.48,191.378,41.957,305.726,229.735,56.37,64.407,6.394,49.894,854.01,1380.588,630.099744,95.562,168.97,476.884,854.01,35.83185437758379,64.1681456224162
2023-02-06T00:00:00,2023-02-06T00:00:00,121.808,555.325,283.383,44.346,358.428,366.707,62.852,69.418,20.418,54.662,1161.206,1591.828,851.99798,10.913,102.86,334.589,1161.206,22.368640087712556,77.63135991228745
2023-02-07T00:00:00,2023-02-07T00:00:00,122.677,513.412,310.286,48.779,340.168,380.679,67.961,74.864,22.644,145.903,1196.603,1655.875,867.081459,33.048,95.815,446.22200000000004,1196.6019999999999,27.16188709198308,72.83811290801692
2023-02-08T00:00:00,2023-02-08T00:00:00,122.766,471.416,314.33,46.231,330.819,344.051,72.626,73.98,15.723,165.265,1151.529,1663.637,837.977502,58.47,207.139,599.871,1151.529,34.25094210346008,65.74905789653991
2023-02-09T00:00:00,2023-02-09T00:00:00,122.283,417.235,252.336,44.747,321.336,340.904,74.128,71.819,20.276,151.858,1080.799,1696.623,774.267044,109.324,322.256,750.4680000000001,1080.7990000000002,40.980807277147456,59.019192722852544
2023-02-10T00:00:00,2023-02-10T00:00:00,122.29,407.661,232.219,43.3,310.288,320.9,74.463,78.865,16.749,117.18,1033.483,1656.258,742.229646,93.57,397.291,773.631,1033.484,42.81028047467926,57.18971952532075
2023-02-11T00:00:00,2023-02-11T00:00:00,120.4,373.215,206.601,41.65,254.806,244.602,74.165,73.382,6.224,56.86,859.781,1478.419,610.366685,76.066,508.383,803.3589999999999,859.7800000000001,48.30377978028294,51.69622021971706
2023-02-12T00:00:00,2023-02-12T00:00:00,121.864,572.885,270.522,39.537,361.758,266.573,74,73.27,7.5,61.11,1053.623,1309.178,791.630514,28.864,92.676,344.05100000000004,1053.623,24.61596910295248,75.38403089704752
2023-02-13T00:00:00,2023-02-13T00:00:00,121.666,562.963,325.646,41.144,368.533,368.873,73.92,78.199,15.762,86.375,1230.933,1580.53,910.915126,23.045,75.432,347.66200000000003,1230.9330000000002,22.023508246256952,77.97649175374305
2023-02-14T00:00:00,2023-02-14T00:00:00,122.007,571.34,329.065,42.915,385.056,378.118,73.898,78.903,13.298,98.256,1258.339,1605.884,937.987392,17.823,57.897,338.89799999999997,1258.338,21.217778712726236,78.78222128727377
2023-02-15T00:00:00,2023-02-15T00:00:00,122.516,551.277,322.395,45.491,391.661,324.003,73.83,81.481,14.526,119.013,1207.896,1598.362,910.511051,34.394,107.146,428.56,1207.896,26.188299593756266,73.81170040624374
2023-02-16T00:00:00,2023-02-16T00:00:00,122.175,460.325,266.916,46.416,377.893,265.858,73.505,78.518,13.953,116.849,1076.643,1606.269,811.041404,69.453,346.577,701.47,1076.6429999999998,39.45024866248659,60.54975133751341
2023-02-17T00:00:00,2023-02-17T00:00:00,119.407,245.325,156.914,42.572,156.253,206.424,72.714,63.474,7.56,40.162,663.339,1581.928,428.736182,71.122,859.321,1132.584,663.339,63.06417368673378,36.93582631326621
2023-02-18T00:00:00,2023-02-18T00:00:00,120.394,250.836,87.092,39.615,166.063,191.158,72.394,59.343,10.585,48.872,586.634,1342.855,367.601569,59.147,667.298,935.326,586.635,61.455319814371066,38.544680185628934
2023-02-19T00:00:00,2023-02-19T00:00:00,121.002,318.232,71.786,41.018,205.779,209.213,72.694,52.758,17.451,80.049,629.681,1239.447,397.671801,59.338,365.127,666.534,629.681,51.421562009388865,48.57843799061112
2023-02-20T00:00:00,2023-02-20T00:00:00,117.777,235.083,130.536,42.479,171.009,214.683,72.473,53.43,12.307,120.583,654.439,1541.745,412.680654,84.696,779.193,1144.728,654.4379999999999,63.625479805643295,36.37452019435671
2023-02-21T00:00:00,2023-02-21T00:00:00,121.591,412.457,207.166,41.562,298.109,271.63,72.606,61.027,14.825,116.545,925.363,1543.511,658.005463,50.813,352.388,682.8989999999999,925.363,42.46192473614373,57.53807526385627
2023-02-22T00:00:00,2023-02-22T00:00:00,122.221,532.806,274.911,42.654,372.943,326.039,72.469,72.598,11.489,127.376,1130.449,1547.476,839.857226,26.494,110.646,429.391,1130.449,27.527887475638522,72.47211252436148
2023-02-23T00:00:00,2023-02-23T00:00:00,122.167,544.475,274.794,44.028,388.814,333.626,72.317,76.256,13.293,59.388,1159.101,1560.706,866.611662,65.329,121.137,412.049,1159.1,26.225965837740407,73.7740341622596
2023-02-24T00:00:00,2023-02-24T00:00:00,123.178,390.087,187.861,43.306,299.363,282.367,72.262,86.787,8.586,53.832,937.226,1585.013,676.533974,101.145,482.782,804.2429999999999,937.2260000000001,46.18187289007154,53.81812710992846
2023-02-25T00:00:00,2023-02-25T00:00:00,120.517,294.004,120.528,43.223,199.058,217.83,72.525,71.425,11.973,83.894,693.339,1424.519,459.562775,106.75,557.48,911.864,693.3389999999999,56.8067714799935,43.1932285200065
2023-02-26T00:00:00,2023-02-26T00:00:00,120.981,373.022,104.812,41.068,241.518,233.078,72.569,78.178,7.184,106.527,737.34,1325.616,507.947854,75.726,313.891,658.193,737.3389999999999,47.16430723193736,52.83569276806265
2023-02-27T00:00:00,2023-02-27T00:00:00,120.311,506.193,251.206,41.628,361.121,344.971,72.416,82.87,15.796,134.854,1128.379,1579.416,830.70544,11.091,178.203,486.087,1128.3799999999999,30.108202892967157,69.89179710703284
2023-02-28T00:00:00,2023-02-28T00:00:00,121.147,497.17,247.877,42.779,365.161,347.94,72.332,82.371,18.028,189.763,1133.709,1603.986,831.032777,7.641,148.202,509.53200000000004,1133.709,31.007746277022058,68.99225372297795
2023-03-01T00:00:00,2023-03-01T00:00:00,122.673,477.742,237.017,47.738,349.883,351.52,72.338,80.803,14.484,203.566,1106.046,1609.304,813.909583,7.049,162.66,543.6859999999999,1106.0449999999998,32.95603949977299,67.043960500227
2023-03-02T00:00:00,2023-03-02T00:00:00,123.588,489.293,240.161,47.496,355.982,349.125,72.082,80.325,19.742,178.279,1117.418,1596.387,821.129388,18.337,140.486,508.186,1117.417,31.261384237110786,68.73861576288922
2023-03-03T00:00:00,2023-03-03T00:00:00,124.186,483.419,244.714,52.804,329.185,344.877,72.103,87.104,17.726,126.502,1095.709,1596.13,799.15329,66.93,136.667,507.08900000000006,1095.7089999999998,31.637736009154,68.362263990846
2023-03-04T00:00:00,2023-03-04T00:00:00,122.605,377.361,148.421,46.048,266.449,248.857,72.043,78.431,12.447,85.999,826.648,1418.991,586.598962,88.235,388.333,731.22,826.648,46.937224463176605,53.0627755368234
2023-03-05T00:00:00,2023-03-05T00:00:00,123.921,440.732,168.284,42.818,288.808,269.345,71.926,76.447,11.66,68.368,886.469,1316.317,637.487471,73.19,243.694,551.991,886.47,38.37372024684715,61.62627975315284
2023-03-06T00:00:00,2023-03-06T00:00:00,124.638,484.683,249.611,48.912,344.282,362.602,71.771,77.431,24.871,77.065,1130.57,1571.046,821.76644,64.466,189.805,504.886,1130.5680000000002,30.87130546013523,69.12869453986478
2023-03-07T00:00:00,2023-03-07T00:00:00,118.858,350.273,172.678,46.485,294.07,285.864,71.547,74.381,12.64,99.799,911.18,1625.337,652.633552,82.373,587.321,934.836,911.18,50.640731174594364,49.35926882540563
2023-03-08T00:00:00,2023-03-08T00:00:00,121.443,514.642,252.602,45.105,356.916,367.668,71.223,77.829,23.14,49.97,1149.379,1574.274,842.755049,22.404,186.428,425.35,1149.3780000000002,27.01101396558644,72.98898603441357
2023-03-09T00:00:00,2023-03-09T00:00:00,123.279,476.341,210.453,50.286,332.019,323.776,70.796,80.577,18.224,79.975,1035.845,1560.512,757.793301,14.945,248.181,516.666,1035.845,33.27937773065698,66.72062226934302
2023-03-10T00:00:00,2023-03-10T00:00:00,117.623,345.162,115.957,49.399,268.598,268.03,70.768,77.277,11.191,83.988,811.821,1529.173,572.745317,111.606,477.715,840.3309999999999,811.8210000000001,50.86281407521825,49.13718592478175
2023-03-11T00:00:00,2023-03-11T00:00:00,117.728,338.521,123.651,48.483,208.589,227.154,71.146,78.229,22.139,129.735,730.908,1373.291,491.810783,78.85,362.697,737.493,730.908,50.22422349208425,49.77577650791575
2023-03-12T00:00:00,2023-03-12T00:00:00,117.922,294.812,77.584,44.674,150.954,211.7,70.876,74.274,13.002,90.47,598.391,1285.353,378.565659,86.959,369.856,709.881,598.39,54.26100555618828,45.73899444381172
2023-03-13T00:00:00,2023-03-13T00:00:00,115.57,203.97,103.528,44.47,123.472,188.317,69.776,65.297,21.037,112.286,571.427,1532.297,347.452687,105.226,791.469,1169.0210000000002,571.427,67.16782115869017,32.83217884130982
2023-03-14T00:00:00,2023-03-14T00:00:00,116.055,253.677,135.243,55.808,163.422,201.935,70.051,70.848,20.307,91.352,661.807,1564.354,430.86894,85.895,716.888,1065.998,661.8059999999999,61.696697079066844,38.303302920933156
2023-03-15T00:00:00,2023-03-15T00:00:00,118.012,381.273,137.798,62.64,289.643,270.415,70.527,77.955,23.708,160.588,870.046,1595.942,616.735625,106.871,290.635,738.746,870.046,45.91929845498983,54.08070154501018
2023-03-16T00:00:00,2023-03-16T00:00:00,115.176,317.777,100.125,52.769,254.324,239.146,70.313,75.518,12.687,228.695,752.113,1582.087,525.643705,116.486,397.649,910.775,752.113,54.77067607680133,45.229323923198685
2023-03-17T00:00:00,2023-03-17T00:00:00,115.384,330.595,109.845,51.112,246.924,195.066,69.773,72.339,21.927,194.32,715.874,1479.269,496.419919,85.57,372.542,818.928,715.8740000000001,53.35724086885474,46.64275913114526
2023-03-18T00:00:00,2023-03-18T00:00:00,117.886,383.052,76.964,49.451,245.355,184.041,69.426,67.157,14.866,202.848,657.81,1267.325,454.246541,23.696,173.436,567.317,657.809,46.306828848624555,53.69317115137545
2023-03-19T00:00:00,2023-03-19T00:00:00,117.542,436.311,84.392,48.543,271.138,199.411,69.348,67.225,13.674,138.9,705.188,1210.874,497.318569,48.55,111.828,465.36300000000006,705.188,39.75589273769362,60.24410726230639
2023-03-20T00:00:00,2023-03-20T00:00:00,115.657,456.275,128.679,52.842,333.967,294.505,69.335,70.092,18.905,94.01,915.482,1471.957,661.632035,51.977,197.845,512.331,915.483,35.88219473965097,64.11780526034903
2023-03-21T00:00:00,2023-03-21T00:00:00,114.638,438.3,131.406,53.511,333.217,288.65,69.168,69.825,11.833,135.64,904.1,1514.268,659.578057,96.308,181.631,581.728,904.0989999999999,39.15179896448241,60.848201035517604
2023-03-22T00:00:00,2023-03-22T00:00:00,115.363,260.492,121.342,51.392,169.785,199.873,68.818,63.866,20.583,192.16,644.267,1518.76,416.8231,114.254,513.063,986.232,644.2669999999999,60.48651363784953,39.51348636215049
2023-03-23T00:00:00,2023-03-23T00:00:00,112.278,254.962,116.704,48.658,151.999,195.565,68.57,64.592,28.125,100.326,625.555,1506.552,392.053798,102.181,581.52,944.963,625.555,60.168874218569925,39.831125781430075
2023-03-24T00:00:00,2023-03-24T00:00:00,111.168,235.692,110.218,51.079,138.52,187.455,68.528,62.974,21.531,104.929,589.226,1473.847,366.161101,96.299,638.145,1001.62,589.226,62.961468300514326,37.03853169948568
2023-03-25T00:00:00,2023-03-25T00:00:00,112.644,182.869,68.099,55.953,104.224,163.091,68.845,60.47,10.267,152.524,474.996,1309.062,276.335167,113.088,652.684,1086.893,474.99600000000004,69.58836383379357,30.411636166206435
2023-03-26T00:00:00,2023-03-26T00:00:00,108.874,244.076,49.718,47.409,116.983,158.492,66.105,59.297,15.741,113.137,466.336,1158.631,272.767593,92.637,336.732,698.789,466.336,59.975453277545334,40.02454672245467
2023-03-27T00:00:00,2023-03-27T00:00:00,114.008,273.011,122.042,53.787,169.484,195.64,69.084,73.374,23.748,193.442,653.372,1502.118,425.126765,109.559,465.895,936.6909999999999,653.3720000000001,58.909049515648114,41.09095048435188
2023-03-28T00:00:00,2023-03-28T00:00:00,113.909,363.894,155.704,55.356,240.439,228.797,69.097,75.311,25.708,221.016,795.057,1548.892,550.630591,79.186,263.028,732.495,795.056,47.95224512962252,52.047754870377496
2023-03-29T00:00:00,2023-03-29T00:00:00,116.187,407.741,113.36,54.722,294.422,252.531,68.632,69.194,23.667,128.321,821.804,1486.286,580.044535,82.117,220.506,601.8530000000001,821.8060000000002,42.275081322142455,57.72491867785755
2023-03-30T00:00:00,2023-03-30T00:00:00,116.632,251.409,75.632,58.417,191.645,191.397,67.95,63.319,17.849,110.353,607.791,1511.783,395.745911,128.133,587.79,1001.3249999999999,607.792,62.22822827675054,37.771771723249465
2023-03-31T00:00:00,2023-03-31T00:00:00,117.973,302.66,61.81,70.313,206.554,202.452,68.062,67.931,24.895,114.313,631.705,1449.297,411.03863,55.108,397.465,755.172,631.7040000000001,54.45129917887396,45.54870082112604
2023-04-01T00:00:00,2023-04-01T00:00:00,118.529,223.365,64.94,68.639,140.906,155.005,68.026,59.641,18.3,86.598,506.817,1334.647,314.577108,130.583,537.449,941.798,506.81800000000004,65.01364060593008,34.98635939406993
2023-04-02T00:00:00,2023-04-02T00:00:00,118.631,266.219,65.885,59.882,167.149,166.577,67.881,60.756,13.359,123.713,541.608,1239.329,351.768215,93.776,415.518,811.52,541.607,59.97367578948614,40.02632421051387
2023-04-03T00:00:00,2023-04-03T00:00:00,120.477,390.685,164.767,63.475,268.457,240.953,67.679,68.751,19.194,228.512,829.801,1511.922,602.873405,21.778,254.748,688.99,829.8009999999999,45.364372056458066,54.635627943541934
2023-04-04T00:00:00,2023-04-04T00:00:00,120.32,456.186,239.435,62.28,287.558,263.432,67.554,71.059,21.69,282.041,950.728,1558.712,704.209706,6.863,80.042,551.5459999999999,950.728,36.71407479594268,63.285925204057314
2023-04-05T00:00:00,2023-04-05T00:00:00,122.211,475.154,234.673,57.989,305.12,272.493,67.017,71.25,23.918,283.018,974.47,1534.354,725.66927,8.757,32.675,504.65,974.4710000000001,34.11823643907429,65.8817635609257
2023-04-06T00:00:00,2023-04-06T00:00:00,120.965,404.846,156.582,56.254,299.698,237.633,66.694,69.074,20.113,289.494,849.794,1490.465,627.257646,63.472,147.67,677.855,849.7939999999999,44.372431101647045,55.627568898352955
2023-04-07T00:00:00,2023-04-07T00:00:00,120.149,381.511,86.024,52.856,276.428,210.361,66.204,66.798,13.719,185.15,719.535,1242.088,520.224594,89.651,195.361,643.1669999999999,719.534,47.19795465035983,52.80204534964016
2023-04-08T00:00:00,2023-04-08T00:00:00,120.43,468.814,70.297,56.45,278.722,217.51,65.813,66.343,20.16,95.977,718.845,1177.329,515.856185,23.665,78.656,375.178,718.8449999999999,34.293428931567256,65.70657106843274
2023-04-09T00:00:00,2023-04-09T00:00:00,119.469,371.779,55.777,55.257,198.474,180.297,65.644,65.56,18.555,233.484,584.308,1116.766,391.586396,24.192,58.202,490.60400000000004,584.3069999999999,45.64136007539229,54.3586399246077
2023-04-10T00:00:00,2023-04-10T00:00:00,118.295,203.115,48.745,49.189,111.117,168.599,65.045,60.706,7.823,279.666,462.035,1167.578,278.335531,120.798,370.863,938.8109999999999,462.035,67.01743089533039,32.98256910466961
2023-04-11T00:00:00,2023-04-11T00:00:00,118.841,238.279,79.141,49.122,140.022,194.167,64.837,65.836,35.402,186.45,579.405,1406.412,357.50204,96.18,481.643,932.236,579.4050000000001,61.670462761991764,38.329537238008236
2023-04-12T00:00:00,2023-04-12T00:00:00,119.333,323.105,92.283,53.526,216.173,200.588,64.35,69.289,19.217,139.016,661.899,1495.232,459.041788,53.252,400.069,765.196,661.9,53.61909780421219,46.38090219578781
2023-04-13T00:00:00,2023-04-13T00:00:00,118.915,331.701,105.103,61.271,237.443,205.252,63.909,69.743,18.103,170.784,699.554,1507.365,495.973442,97.991,349.407,798.3679999999999,699.553,53.298404922555996,46.70159507744401
2023-04-14T00:00:00,2023-04-14T00:00:00,119.88,454.043,163.634,62.728,286.159,240.199,63.552,72.574,18.975,180.739,845.093,1456.142,623.93472,48.782,93.21,505.33899999999994,845.093,37.42054394445629,62.579456055543716
2023-04-15T00:00:00,2023-04-15T00:00:00,119.209,374.981,70.836,60.975,236.173,189.438,57.025,69.391,8.293,95.48,631.155,1295.096,453.736008,86.256,231.636,593.5559999999999,631.156,48.464945227939296,51.5350547720607
2023-04-16T00:00:00,2023-04-16T00:00:00,115.837,463.335,83.472,61.651,252.275,193.462,0,65.757,12.025,93.701,606.991,1193.149,480.079687,20.542,149.209,440.94,606.9910000000001,42.07719783077321,57.92280216922679
2023-04-17T00:00:00,2023-04-17T00:00:00,114.878,439.943,139.078,66.456,275.546,248.156,0,70.578,23.018,175.631,756.375,1463.355,593.680424,22.267,184.416,563.648,756.376,42.69982970006607,57.30017029993394
2023-04-18T00:00:00,2023-04-18T00:00:00,114.115,397.371,144.524,62.155,281.408,210.487,0,70.242,17.37,152.279,724.03,1513.514,579.348017,57.383,346.832,732.7639999999999,724.031,50.29973331868931,49.70026668131069
2023-04-19T00:00:00,2023-04-19T00:00:00,113.162,329.926,157.895,59.31,210.453,197.911,0,73.76,15.636,214.653,655.655,1524.317,507.515201,54.42,449.219,890.764,655.655,57.60172372429465,42.398276275705356
2023-04-20T00:00:00,2023-04-20T00:00:00,114.533,374.835,166.808,62.891,229.459,225.939,0,68.266,22.163,145.495,712.634,1545.585,550.699469,78.436,342.371,743.726,712.635,51.06742078372053,48.93257921627948
2023-04-21T00:00:00,2023-04-21T00:00:00,113.03,300.53,130.388,62.863,199.939,213.181,0,64.383,20.664,295.909,628.554,1476.001,472.768413,66.745,402.689,941.2360000000001,628.5550000000001,59.95931942532478,40.04068057467522
2023-04-22T00:00:00,2023-04-22T00:00:00,113.641,295.671,81.429,59.984,183.708,188.451,0,60.03,18.138,280.091,531.755,1272.622,394.664439,52.117,312.79,818.623,531.756,60.62172175367064,39.378278246329366
2023-04-23T00:00:00,2023-04-23T00:00:00,112.928,329.004,36.659,58.651,187.87,171.879,0,56.185,12.011,211.128,464.604,1167.331,345.377831,38.312,192.265,613.284,464.60400000000004,56.896820448877804,43.1031795511222
2023-04-24T00:00:00,2023-04-24T00:00:00,113.056,293.791,87.8,68.422,217.679,191,0,57.7,17.063,163.769,571.243,1457.372,435.426668,60.996,518.024,924.267,571.242,61.80283769606201,38.197162303937986
2023-04-25T00:00:00,2023-04-25T00:00:00,112.055,355.769,167.318,65.918,227.224,239.807,0,63.829,16.341,167.587,714.519,1557.335,552.579287,75.169,394.625,815.354,714.519,53.295534988852026,46.70446501114798
2023-04-26T00:00:00,2023-04-26T00:00:00,112.814,380.437,144.709,65.597,261.42,237.105,0,61.749,19.121,240.58,724.103,1543.932,564.907161,75.893,244.624,739.508,724.104,50.526232362128766,49.47376763787124
2023-04-27T00:00:00,2023-04-27T00:00:00,113.631,416.632,86.383,67.715,284.296,241.906,0,61.446,17.243,277.674,691.275,1476.088,542.83436,39.946,88.049,587.015,691.2740000000001,45.921931581981845,54.07806841801814
2023-04-28T00:00:00,2023-04-28T00:00:00,114.363,431.087,58.343,67.282,309.781,216.002,0,66.487,18.205,128.689,668.818,1409.096,536.224303,59.881,199.779,569.9939999999999,668.818,46.01133989661062,53.98866010338937
2023-04-29T00:00:00,2023-04-29T00:00:00,113.801,374.584,46.158,84.624,253.269,186.745,0,58.67,14.694,172.521,559.535,1251.323,436.521171,33.183,218.179,622.308,559.536,52.65568044513489,47.3443195548651
2023-04-30T00:00:00,2023-04-30T00:00:00,113.229,329.215,57.349,83.568,180.517,169.66,0,58.222,19.191,317.582,484.938,1157.831,356.245199,14.878,97.182,626.4390000000001,484.9389999999999,56.365970893791314,43.634029106208686
2023-05-01T00:00:00,2023-05-01T00:00:00,114.6,359.695,51.662,63.788,183.041,142.501,0,66.754,12.243,235.727,456.201,1118.269,361.020714,31.996,118.047,564.158,456.201,55.29014787932483,44.70985212067517
2023-05-02T00:00:00,2023-05-02T00:00:00,115.382,354.729,52.148,68.241,238.278,178.144,0,68.872,22.517,199.868,559.958,1408.606,444.819541,61.489,244.873,689.853,559.9590000000001,55.1965415598506,44.803458440149406
2023-05-03T00:00:00,2023-05-03T00:00:00,115.414,381.363,50.88,67.283,242.539,200.103,0,71.23,18.305,332.148,583.057,1418.741,464.600138,11.485,92.178,618.508,583.0569999999999,51.475201091909305,48.52479890809069
2023-05-04T00:00:00,2023-05-04T00:00:00,115.234,331.623,44.581,65.434,224.062,184.447,0,71.08,18.4,343.264,542.57,1426.444,430.691818,49.152,175.647,748.731,542.57,57.98268567901674,42.01731432098326
2023-05-05T00:00:00,2023-05-05T00:00:00,114.772,317.697,76.546,63.727,214.671,201.122,0,67.833,18.909,252.326,579.08,1459.407,454.040812,79.858,321.978,832.6610000000001,579.081,58.98110277940303,41.01889722059696
2023-05-06T00:00:00,2023-05-06T00:00:00,115.082,362.891,48.378,67.147,220.212,157.021,0,71.432,15.641,222.292,512.684,1251.151,413.981058,79.995,151.779,636.295,512.684,55.37916706919796,44.620832930802045
2023-05-07T00:00:00,2023-05-07T00:00:00,114.321,288.854,52.064,67.186,168.973,155.626,0,67.845,7.099,239.728,451.606,1202.596,357.064073,106.056,266.187,793.4780000000001,451.607,63.72882172703069,36.271178272969316
2023-05-08T00:00:00,2023-05-08T00:00:00,114.427,341.041,91.538,70.312,208.202,193.958,0,67.613,21.234,248.995,582.544,1437.432,456.629082,52.824,255.985,742.5430000000001,582.545,56.037259412205074,43.96274058779491
2023-05-09T00:00:00,2023-05-09T00:00:00,113.91,320.045,129.699,70.17,191.953,190.621,0,63.213,16.209,289.978,591.695,1504.747,465.062249,37.008,337.934,849,591.6949999999999,58.929891475989024,41.070108524010976
2023-05-10T00:00:00,2023-05-10T00:00:00,114.297,420.361,117.913,72.096,260.724,194.72,0,63.492,17.488,178.866,654.337,1470.311,531.681768,31.283,199.176,595.7180000000001,654.337,47.65534316490075,52.34465683509926
2023-05-11T00:00:00,2023-05-11T00:00:00,115.689,494.284,121.234,67.008,302.678,224.664,0,63.87,18.061,151.889,730.507,1437.429,597.927712,29.076,83.737,447.399,730.5070000000001,37.98257246333748,62.01742753666253
2023-05-12T00:00:00,2023-05-12T00:00:00,116.447,379.217,58.848,69.121,265.42,187.74,0,63.715,17.214,217.744,592.938,1425.947,482.379551,50.265,215.804,669.381,592.9370000000001,53.027921648903046,46.972078351096954
2023-05-13T00:00:00,2023-05-13T00:00:00,116.48,302.696,56.258,70.99,145.064,148.398,0,61.745,17.514,249.588,428.98,1221.413,325.182054,36.455,184.694,658.207,428.97900000000004,60.5422623175795,39.457737682420486
2023-05-14T00:00:00,2023-05-14T00:00:00,115.774,355.834,61.035,70.687,149.433,155.887,0,62.481,12.105,243.67,440.942,1142.533,339.785385,15.184,77.194,522.509,440.94100000000003,54.233120556334,45.76687944366599
2023-05-15T00:00:00,2023-05-15T00:00:00,116.411,348.322,53.476,72.346,193.24,220.575,0,64.906,21.771,250.466,553.969,1374.754,422.307348,47.581,142.924,629.7280000000001,553.968,53.20014598342818,46.79985401657182
2023-05-16T00:00:00,2023-05-16T00:00:00,115.183,279.265,59.639,69.727,165.493,216.303,0,67.282,14.732,177.544,523.448,1466.532,397.955174,89.562,423.409,875.4250000000001,523.449,62.580689897732036,37.419310102267964
2023-05-17T00:00:00,2023-05-17T00:00:00,114.831,284.953,57.469,66.199,174.927,198.161,0,64.451,23.964,279.008,518.97,1459.679,391.181317,69.741,308.576,838.355,518.972,61.76514576074889,38.23485423925111
2023-05-18T00:00:00,2023-05-18T00:00:00,116.124,310.562,48.635,67.534,144.884,158.244,0,66.259,17.258,323.076,435.278,1169.473,330.220965,5.441,123.445,635.6200000000001,435.28,59.353814548510606,40.646185451489394
2023-05-19T00:00:00,2023-05-19T00:00:00,116.478,278.855,41.211,69.045,135.45,162.863,0,61.078,21.921,277.392,422.524,1235.346,310.3839,29.054,203.473,695.442,422.52299999999997,62.2060619071259,37.79393809287411
2023-05-20T00:00:00,2023-05-20T00:00:00,115.001,217.484,32.855,67.842,108.682,130.601,0,54.792,19.468,260.386,346.398,1167.113,247.462965,68.294,303.541,815.0640000000001,346.3980000000001,70.17569236014609,29.82430763985391
2023-05-21T00:00:00,2023-05-21T00:00:00,113.209,245.4,49.655,64.911,117.666,128.679,0,55.773,10.855,296.955,362.628,1127.717,270.539291,62.699,226.653,764.427,362.62800000000004,67.82517268456286,32.174827315437135
2023-05-22T00:00:00,2023-05-22T00:00:00,112.875,294.571,48.253,68.725,178.428,191.151,0,55.812,25.831,313.643,499.475,1410.151,371.993619,64.286,192.207,751.736,499.475,60.08067384318072,39.919326156819274
2023-05-23T00:00:00,2023-05-23T00:00:00,108.806,279.829,48.454,68.491,185.299,182.751,0,55.77,12.458,176.053,484.732,1424.536,374.408823,90.472,402.668,846.49,484.732,63.587440712368036,36.41255928763197
2023-05-24T00:00:00,2023-05-24T00:00:00,110.553,356.022,43.8,72.985,211.076,238.441,0,56.635,17.2,223.464,567.152,1403.343,431.951052,60.089,139.93,607.021,567.152,51.69774811718545,48.302251882814545
2023-05-25T00:00:00,2023-05-25T00:00:00,110.914,302.691,41.872,70.658,178.061,198.229,0,64.223,13.319,327.086,495.705,1419.32,379.806162,67.06,167.657,743.3750000000001,495.70400000000006,59.99415695044464,40.00584304955536
2023-05-26T00:00:00,2023-05-26T00:00:00,112.941,246.701,41.619,72.594,117.286,180.096,0,68.149,21.013,363.934,428.163,1399.439,307.10771,52.612,209.242,811.323,428.16299999999995,65.45640692996938,34.543593070030646
2023-05-27T00:00:00,2023-05-27T00:00:00,114.938,256.769,36.421,73.566,98.053,162.926,0,71.521,20.033,383.852,388.952,1189.393,274.423228,6.314,105.602,684.2719999999999,388.954,63.75842553199419,36.24157446800581
2023-05-28T00:00:00,2023-05-28T00:00:00,112.475,247.612,48.436,68.524,89.7,124.279,0,69.038,17.036,368.502,348.489,1107.972,249.037206,22.762,111.832,684.0949999999999,348.489,66.25078443981313,33.749215560186876
2023-05-29T00:00:00,2023-05-29T00:00:00,111.803,214.758,38.058,65.995,86.781,124.559,0,68.03,8.839,364.887,326.267,1117.826,235.943847,63.646,193.047,799.3779999999999,326.267,71.0151068942695,28.984893105730492
2023-05-30T00:00:00,2023-05-30T00:00:00,112.645,256.173,39.978,70.613,111.13,202.647,0,63.614,24.123,350.74,441.491,1336.675,303.782775,35.372,156.699,726.069,441.49199999999996,62.186815078612604,37.8131849213874
2023-05-31T00:00:00,2023-05-31T00:00:00,111.764,240.211,33.838,72.22,118.903,197.057,0,61.214,16.637,386.088,427.648,1401.361,300.605479,53.039,185.572,808.683,427.649,65.40985754635487,34.59014245364514
2023-06-01T00:00:00,2023-06-01T00:00:00,110.477,248.19,50.95,52.779,109.156,196.847,0,65.735,16.066,343.743,438.755,1402.533,311.47767,74.6,232.14,813.739,438.75399999999996,64.96954473997062,35.0304552600294
2023-06-02T00:00:00,2023-06-02T00:00:00,111.387,248.396,29.019,53.155,111.232,165.675,0,65.523,18.056,342.426,389.505,1337.724,278.544115,46.309,187.137,740.414,389.50500000000005,65.52805997598057,34.47194002401942
2023-06-03T00:00:00,2023-06-03T00:00:00,110.143,230.19,25.559,50.787,106.407,131.249,0,58.069,15.984,391.159,337.268,1155.416,243.416617,7.111,181.417,740.617,337.26800000000003,68.71020563418175,31.289794365818246
2023-06-04T00:00:00,2023-06-04T00:00:00,110.451,243.099,27.627,50.217,102.435,127.428,0,54.584,9.965,382.956,322.039,1087.728,234.418449,9.527,110.778,663.9290000000001,322.039,67.33778378202943,32.66221621797056
2023-06-05T00:00:00,2023-06-05T00:00:00,110.303,288.692,37.893,50.77,129.365,216.197,0,54.534,22.314,349.647,460.303,1331.538,317.398629,3.874,115.575,630.1690000000001,460.30300000000005,57.788645650690704,42.21135434930929
2023-06-06T00:00:00,2023-06-06T00:00:00,110.064,335.296,54.182,53.135,153.959,237.276,0,57.172,19.577,284.575,522.165,1365.302,370.259435,21.409,96.318,565.501,522.166,51.992107878606234,48.00789212139378
2023-06-07T00:00:00,2023-06-07T00:00:00,110.028,366.643,67.325,51.793,190.34,235.87,0,55.411,18.407,301.945,567.354,1363.245,419.382936,24.305,72.16,560.231,567.3530000000001,49.68419204245537,50.315807957544635
2023-06-08T00:00:00,2023-06-08T00:00:00,109.663,302.835,34.635,50.743,143.82,190.346,0,54.771,14.616,306.544,438.189,1199.876,317.092933,38.218,103.67,608.838,438.188,58.14927231988509,41.85072768011492
2023-06-09T00:00:00,2023-06-09T00:00:00,109.938,267.131,33.19,50.156,148.481,168.355,0,55.652,14.644,357.608,420.322,1259.966,311.154195,47.321,186.999,752.022,420.32199999999995,64.14687156670739,35.85312843329261
2023-06-10T00:00:00,2023-06-10T00:00:00,109.052,210.276,27.366,49.692,101.17,145.331,0,55.994,17.351,343.577,347.211,1167.415,244.379973,77.977,250.267,830.565,347.212,70.51971638094479,29.48028361905522
2023-06-11T00:00:00,2023-06-11T00:00:00,108.119,207.917,25.837,48.76,105.849,137.036,0,56.745,9.126,373.182,334.592,1142.678,244.962259,93.587,238.443,862.091,334.59299999999996,72.03998716453133,27.960012835468678
2023-06-12T00:00:00,2023-06-12T00:00:00,108.083,269.627,41.491,48.75,175.381,163.091,0,57.461,19.19,381.608,456.613,1375.534,346.774576,70.197,230.157,838.7950000000001,456.61400000000003,64.7513642409463,35.248635759053705
2023-06-13T00:00:00,2023-06-13T00:00:00,108.305,269.962,37.754,48.238,186.386,167.148,0,57.873,14.59,386.322,463.751,1394.525,358.115962,77.616,250.293,870.774,463.751,65.24973305108558,34.7502669489144
2023-06-14T00:00:00,2023-06-14T00:00:00,107.993,317.998,42.967,49.338,211.258,185.07,0,57.398,15.629,343.802,512.322,1383.292,397.247565,41.88,195.537,738.5500000000001,512.322,59.042811734534,40.95718826546601
2023-06-15T00:00:00,2023-06-15T00:00:00,108.427,395.651,92.343,49.671,230.216,226.14,0,57.666,14.357,318.522,620.721,1387.753,481.37605,11.113,94.971,582.704,620.722,48.42042634943902,51.57957365056098
2023-06-16T00:00:00,2023-06-16T00:00:00,108.624,437.419,129.581,48.52,260.091,201.003,0,58.159,13.117,272.603,661.95,1360.976,533.651391,21.721,101.411,552.879,661.9509999999999,45.510812212408325,54.489187787591675
2023-06-17T00:00:00,2023-06-17T00:00:00,108.248,359.529,37.07,45.869,181.612,153.02,0,59.052,13.841,331.305,444.595,1174.02,347.282046,3.289,45.638,534.349,444.595,54.58422545109832,45.41577454890167
2023-06-18T00:00:00,2023-06-18T00:00:00,106.864,360.856,35.45,43.346,184.295,142.46,0,58.897,9.478,338.932,430.58,1125.381,343.177712,13.113,34.971,537.226,430.58000000000004,55.5096785926105,44.4903214073895
2023-06-19T00:00:00,2023-06-19T00:00:00,106.771,380.34,60.917,42.605,262.026,203.126,0,59.016,17.534,264.229,602.619,1413.791,479.490294,83.779,156.28,653.664,602.6189999999999,52.031588423945884,47.96841157605412
2023-06-20T00:00:00,2023-06-20T00:00:00,105.836,428.541,74.856,47.108,308.629,252.581,0,60.445,14.107,294.283,710.618,1436.607,567.268465,50.036,93.96,591.223,710.618,45.41437856082271,54.5856214391773
2023-06-21T00:00:00,2023-06-21T00:00:00,105.819,419.536,87.477,49.348,302.701,232.59,0,59.766,12.189,287.205,694.723,1442.789,560.963368,45.282,139.364,627.0179999999999,694.723,47.438794741178484,52.56120525882151
2023-06-22T00:00:00,2023-06-22T00:00:00,106.294,430.879,90.083,49.815,320.923,242.487,0,59.859,10.016,280.857,723.368,1427.981,588.099967,11.819,173.895,622.6800000000001,723.3679999999999,46.259865918600234,53.74013408139977
2023-06-23T00:00:00,2023-06-23T00:00:00,107.012,383.829,50.841,50.647,278.182,165.701,0,60.76,14.346,177.646,569.83,1359.785,470.90441,24.241,305.59,665.136,569.83,53.85864874012726,46.14135125987275
2023-06-24T00:00:00,2023-06-24T00:00:00,106.722,328.617,33.044,50.335,161.565,150.279,0,61.8,13.456,353.278,420.145,1180.132,323.868288,13.933,54.906,579.174,420.144,57.956926623957536,42.043073376042464
2023-06-25T00:00:00,2023-06-25T00:00:00,105.439,318.091,32.172,46.294,140.083,143.538,0,61.542,13.344,358.128,390.68,1122.49,295.625039,16.125,29.032,555.018,390.67900000000003,58.6887766377603,41.3112233622397
2023-06-26T00:00:00,2023-06-26T00:00:00,104.286,259.568,40.406,45.033,170.663,155.49,0,61.871,9.939,320.18,438.369,1404.709,342.488783,89.129,334.623,893.251,438.369,67.08002282933569,32.91997717066431
2023-06-27T00:00:00,2023-06-27T00:00:00,106.489,312.03,60.984,44.669,205.971,181.029,0,61.263,12.707,273.799,521.954,1426.165,410.34285,67.506,303.74,796.203,521.954,60.40274413442405,39.597255865575946
2023-06-28T00:00:00,2023-06-28T00:00:00,107.629,408.964,89.707,43.752,253.944,231.286,0,61.833,12.953,281.883,649.723,1400.282,512.917964,32.996,123.613,589.873,649.7229999999998,47.58590702131985,52.41409297868014
2023-06-29T00:00:00,2023-06-29T00:00:00,107.514,464.764,88.98,44.718,296.492,257.287,0,62.343,11.939,262.414,717.04,1417.07,572.080564,33.889,41.756,490.29099999999994,717.0409999999999,40.60945953557099,59.39054046442901
2023-06-30T00:00:00,2023-06-30T00:00:00,107.902,482.198,78.837,44.341,279.569,197.734,0,62.012,11.332,185.292,629.484,1361.456,514.574008,27.961,69.197,434.693,629.484,40.84781009174225,59.15218990825773
2023-07-01T00:00:00,2023-07-01T00:00:00,107.621,207.552,27.08,45.523,92.961,121.995,0,60.326,11.297,213.073,313.658,1195.975,232.535355,105.26,351.918,823.395,313.65900000000005,72.41476658100669,27.585233418993294
2023-07-02T00:00:00,2023-07-02T00:00:00,106.034,188.125,29.699,39.267,91.488,123.845,0,59.207,9.058,272.912,313.297,1136.193,232.325389,89.108,430.531,937.852,313.29699999999997,74.95925745055145,25.040742549448545
2023-07-03T00:00:00,2023-07-03T00:00:00,108.192,216.803,61.831,41.538,111.49,146.878,0,60.265,15.18,253.444,395.644,1370.117,295.230911,101.71,467.074,971.958,395.64399999999995,71.07023827107595,28.92976172892406
2023-07-04T00:00:00,2023-07-04T00:00:00,108.416,253.682,67.274,43.005,147.143,169.378,0,59.625,12.391,307.176,455.811,1374.031,349.139023,84.471,373.712,916.78,455.811,66.79192854972823,33.20807145027179
2023-07-05T00:00:00,2023-07-05T00:00:00,107.266,225.216,59.489,43.434,154.117,136.011,0,57.032,9.679,251.95,416.329,1377.359,328.10052,83.64,564.481,1050.771,416.3279999999999,71.6223649528764,28.377635047123604
2023-07-06T00:00:00,2023-07-06T00:00:00,109.837,343.848,65.413,46.216,218.169,191.692,0,56.871,11.044,330.958,543.189,1370.312,431.806814,49.625,162.854,699.49,543.189,56.28887266945043,43.71112733054955
2023-07-07T00:00:00,2023-07-07T00:00:00,108.91,359.386,45.569,44.909,218.736,180.358,0,57.329,12.595,389.591,514.588,1348.342,410.264595,12.282,63.346,619.038,514.587,54.60694674164736,45.39305325835263
2023-07-08T00:00:00,2023-07-08T00:00:00,106.65,283.941,25.23,40.974,163.743,132.238,0,57.988,8.739,356.516,387.938,1188.233,308.880732,63.939,144.498,712.577,387.938,64.7494127749281,35.2505872250719
2023-07-09T00:00:00,2023-07-09T00:00:00,105.012,308.722,27.376,40.16,168.678,146.147,0,59.573,9.541,342.747,411.316,1145.453,326.019222,48.162,115.542,651.623,411.315,61.30395187677926,38.69604812322073
2023-07-10T00:00:00,2023-07-10T00:00:00,105.937,373.463,49.41,41.383,224.138,229.388,0,59.701,17.102,279.216,579.74,1362.059,449.476057,16.601,152.499,595.636,579.739,50.67625225991704,49.32374774008296
2023-07-11T00:00:00,2023-07-11T00:00:00,104.699,336.01,37.542,41.422,218.004,217.131,0,59.517,12.227,352.854,544.422,1401.034,425.721197,63.073,137.688,699.736,544.421,56.241776560353706,43.75822343964628
2023-07-12T00:00:00,2023-07-12T00:00:00,103.647,288.472,46.768,42.873,183.751,192.629,0,62.283,11.258,269.221,496.69,1392.617,386.17278,57.142,356.188,829.0709999999999,496.689,62.535526792179574,37.46447320782042
2023-07-13T00:00:00,2023-07-13T00:00:00,106.737,313.566,33.626,48.258,193.771,211.908,0,63.676,13.127,282.889,516.109,1382.534,399.940098,70.703,229.809,738.396,516.108,58.85959709973025,41.14040290026975
2023-07-14T00:00:00,2023-07-14T00:00:00,107.031,354.615,35.604,48.268,188.823,215.052,0,61.214,12.269,315.095,512.961,1352.954,394.401829,20.075,86.479,576.948,512.962,52.935379985503396,47.06462001449662
2023-07-15T00:00:00,2023-07-15T00:00:00,103.041,221.789,31.009,41.801,114.811,119.176,0,63.173,12.008,289.85,340.177,1226.699,262.626699,80.429,346.784,861.905,340.17699999999996,71.7010154049391,28.2989845950609
2023-07-16T00:00:00,2023-07-16T00:00:00,102.575,225.913,29.518,38.418,118.615,129.273,0,63.013,9.624,294.508,350.043,1163.373,270.589365,84.127,342.072,861.6999999999999,350.04299999999995,71.11243885873489,28.8875611412651
2023-07-17T00:00:00,2023-07-17T00:00:00,104.9,270.398,56.704,43.091,149.96,170.208,0,63.256,12.922,298.329,453.05,1373.573,349.929461,82.786,308.139,837.245,453.05000000000007,64.88787447831697,35.112125521683026
2023-07-18T00:00:00,2023-07-18T00:00:00,107.628,366.569,65.495,43.469,203.896,216.181,0,63.13,14.236,318.878,562.937,1358.847,440.026004,40.288,104.067,614.33,562.938,52.18268057910349,47.81731942089652
2023-07-19T00:00:00,2023-07-19T00:00:00,106.724,400.288,72.011,47.4,216.284,249.243,0,61.066,11.526,263.209,610.13,1360.242,473.657036,12.006,106.631,535.9699999999999,610.13,46.7646802198761,53.2353197801239
2023-07-20T00:00:00,2023-07-20T00:00:00,107.108,354.101,59.976,47.525,197.897,227.323,0,63.392,12.462,289.08,561.05,1367.816,434.558058,58.349,136.262,638.324,561.0500000000001,53.221430512917564,46.778569487082436
2023-07-21T00:00:00,2023-07-21T00:00:00,108.116,416.449,57.442,45.457,203.063,249.837,0,63.802,13.281,209.183,587.426,1303.764,451.257753,21.605,74.8,459.161,587.425,43.87226658869887,56.127733411301115
2023-07-22T00:00:00,2023-07-22T00:00:00,107.411,281.991,35.863,42.412,124.152,127.299,0,64.997,12.115,276.481,364.425,1151.209,283.805588,42.303,187.875,656.482,364.426,64.30373745724395,35.69626254275606
2023-07-23T00:00:00,2023-07-23T00:00:00,106.306,220.883,36.142,37.676,100.159,117.76,0,65.863,6.641,219.053,326.564,1118.548,254.759125,97.145,385.318,845.4979999999999,326.56500000000005,72.13758987358186,27.86241012641812
2023-07-24T00:00:00,2023-07-24T00:00:00,107.634,292.127,48.521,38.104,142.827,171.16,0,66.993,15.346,194.585,444.846,1327.049,340.626881,50.122,326.982,717.427,444.84700000000004,61.72615063229496,38.27384936770503
2023-07-25T00:00:00,2023-07-25T00:00:00,107.645,332.048,46.503,47.537,155.309,196.42,0,65.562,12.475,192.076,476.269,1325.081,364.780336,75.431,184.901,607.5899999999999,476.269,56.05802968836352,43.94197031163648
2023-07-26T00:00:00,2023-07-26T00:00:00,107.65,298.676,53.783,52.656,138.715,164.57,0,66.31,9.09,239.984,432.467,1327.949,335.746625,65.082,224.328,689.7,432.46799999999996,61.46138546100048,38.5386145389995
2023-07-27T00:00:00,2023-07-27T00:00:00,108,323.167,41.613,48.63,153.851,148.635,0,66.648,11.542,135.194,422.289,1306.784,333.156068,31.219,290.704,613.747,422.28899999999993,59.239929886606255,40.760070113393745
2023-07-28T00:00:00,2023-07-28T00:00:00,108.168,343.979,37.285,46.169,166.986,178.991,0,63.911,15.564,188.163,462.737,1289.292,357.051831,4.474,221.045,568.019,462.737,55.10702823946695,44.892971760533044
2023-07-29T00:00:00,2023-07-29T00:00:00,107.921,284.478,34.086,46.83,116.186,130.081,0,60.714,13.992,213.036,355.059,1129.29,268.362327,41.414,192.182,601.383,355.05899999999997,62.877100754672014,37.12289924532799
2023-07-30T00:00:00,2023-07-30T00:00:00,106.662,239.32,37.861,44.406,106.292,110.976,0,64.082,6.123,238.589,325.334,1095.402,256.03287,71.768,304.156,765.5810000000001,325.334,70.17787820315974,29.82212179684026
2023-07-31T00:00:00,2023-07-31T00:00:00,106.994,216.54,35.829,42.742,96.74,120.075,0,65.492,14.685,172.774,332.821,1305.825,250.102196,50.335,466.767,839.612,332.821,71.61279151985657,28.387208480143432
2023-08-01T00:00:00,2023-08-01T00:00:00,105.995,219.008,51.598,53.69,97.982,131.356,0,59.755,13.59,182.62,354.28,1338.469,260.250332,56.324,451.267,849.896,354.28099999999995,70.57899295535456,29.42100704464543
2023-08-02T00:00:00,2023-08-02T00:00:00,106.504,223.284,48.135,59.295,92.382,139.217,0,61.292,15.928,152.404,356.954,1352.492,257.123773,63.763,424.899,806.865,356.95400000000006,69.32907952181569,30.67092047818433
2023-08-03T00:00:00,2023-08-03T00:00:00,106.166,176.088,48.815,57.383,80.797,129.65,0,61.619,9.859,223.191,330.74,1354.523,240.505139,54.254,610.51,1051.504,330.73999999999995,76.07224194859951,23.927758051400474
2023-08-04T00:00:00,2023-08-04T00:00:00,107.352,307.582,55.765,62.524,116.048,173.212,0,59.092,22.112,204.374,426.228,1301.667,306.176279,54.301,138.307,566.858,426.229,57.080396782960605,42.919603217039395
2023-08-05T00:00:00,2023-08-05T00:00:00,107.68,318.649,35.628,63.278,101.708,158.227,0,58.844,13.548,208.251,367.955,1138.629,265.187822,16.405,72.806,468.42,367.955,56.0059781796443,43.9940218203557
2023-08-06T00:00:00,2023-08-06T00:00:00,107.036,274.082,32.237,61.996,94.62,107.821,0,64.184,14.382,153.698,313.244,1087.848,236.1297,26.156,224.957,573.8430000000001,313.24399999999997,64.6884691129506,35.31153088704941
2023-08-07T00:00:00,2023-08-07T00:00:00,104.12,205.887,56.492,60.181,110.431,131.752,0,62.551,15.981,178.3,377.208,1339.875,283.833141,56.343,617.712,1016.656,377.207,72.93801471163235,27.06198528836766
2023-08-08T00:00:00,2023-08-08T00:00:00,103.898,213.934,61.063,57.504,115.464,147.755,0,61.673,14.135,241.777,400.091,1396.877,300.49879,73.006,536.973,1013.1579999999999,400.09,71.69003600217371,28.309963997826287
2023-08-09T00:00:00,2023-08-09T00:00:00,106.593,284.477,56.748,60.936,129.866,195.485,0,57.53,14.719,211.445,454.349,1359.243,331.508856,80.606,239.712,699.2919999999999,454.348,60.61613674976596,39.38386325023405
2023-08-10T00:00:00,2023-08-10T00:00:00,108.199,333.411,53.277,64.031,151.539,209.627,0,61.409,15.028,322.387,490.881,1343.6,365.775836,34.49,59.285,588.3919999999999,490.88,54.51748956704149,45.48251043295852
2023-08-11T00:00:00,2023-08-11T00:00:00,107.784,339.857,59.877,59.321,156.514,182.33,0,60.584,16.261,334.109,475.566,1319.734,360.843411,28.064,50.814,580.092,475.56600000000003,54.95075109552526,45.04924890447475
2023-08-12T00:00:00,2023-08-12T00:00:00,107.388,307.772,33.912,53.766,130.933,118.931,0,57.074,11.051,200.392,351.901,1159.896,271.603141,46.18,144.125,551.851,351.901,61.062216183200704,38.9377838167993
2023-08-13T00:00:00,2023-08-13T00:00:00,106.825,287.516,37.366,50.413,106.131,128.081,0,57.489,9.452,250.574,338.52,1118.157,253.614122,61.003,92.326,561.141,338.51899999999995,62.37256296823245,37.627437031767556
2023-08-14T00:00:00,2023-08-14T00:00:00,106.009,363.642,68.031,54.031,161.415,186.241,0,57.912,18.003,280.41,491.603,1323.022,370.943803,27.43,53.062,520.942,491.602,51.448825927564634,48.55117407243537
2023-08-15T00:00:00,2023-08-15T00:00:00,104.49,353.373,55.694,54.559,169.793,194.356,0,61.833,14.736,244.914,496.412,1364.356,379.902669,57.479,106.358,567.8,496.41200000000003,53.35403096375534,46.64596903624466
2023-08-16T00:00:00,2023-08-16T00:00:00,105.646,395.289,65.516,58.68,186.057,218.963,0,67.201,12.911,258.773,550.648,1366.504,425.832871,20.376,61.613,505.088,550.6479999999999,47.84226359620209,52.15773640379792
2023-08-17T00:00:00,2023-08-17T00:00:00,106.373,384.308,68.186,59.258,191.53,176.044,0,70.547,15.131,213.53,521.438,1359.987,414.458179,39.183,135.233,553.577,521.438,51.494816351399756,48.50518364860026
2023-08-18T00:00:00,2023-08-18T00:00:00,105.928,349.329,55.214,58.523,189.945,186.984,0,61.314,15.791,308.518,509.247,1348.729,395.859859,61.853,81.145,615.9669999999999,509.24800000000005,54.742160387126006,45.25783961287399
2023-08-19T00:00:00,2023-08-19T00:00:00,105.857,288.131,37.551,54.416,128.961,139.558,0,60.367,13.738,268.523,380.176,1200.96,288.744728,77.446,128.194,634.436,380.175,62.52997454196731,37.47002545803268
2023-08-20T00:00:00,2023-08-20T00:00:00,105.73,336.331,45.172,52.35,136.374,146.136,0,61.159,11.84,302.894,400.681,1127.023,308.068673,16.419,47.637,525.03,400.681,56.71640501193137,43.28359498806863
2023-08-21T00:00:00,2023-08-21T00:00:00,105.989,438.464,98.774,50.17,246.719,223.569,0,62.999,19.155,300.756,651.215,1368.513,516.257905,11.718,34.122,502.755,651.216,43.56738600883384,56.43261399116616
2023-08-22T00:00:00,2023-08-22T00:00:00,105.655,465.963,126.857,52.334,285.167,247,0,63.755,16.402,281.474,739.181,1419.201,595.471668,16.257,49.265,504.98499999999996,739.181,40.58823340293819,59.41176659706181
2023-08-23T00:00:00,2023-08-23T00:00:00,106.091,461.165,146.362,54.02,274.782,247.857,0,63.466,18.496,304.362,750.965,1403.33,600.955838,16.163,37.107,517.743,750.963,40.80874528850656,59.191254711493436
2023-08-24T00:00:00,2023-08-24T00:00:00,106.674,477.501,159.512,53.608,282.326,250.366,0,62.616,16.982,252.194,771.801,1400.764,620.779247,18.084,62.097,492.657,771.802,38.96188014004408,61.03811985995592
2023-08-25T00:00:00,2023-08-25T00:00:00,106.889,460.951,108.432,54.098,277.62,239.061,0,63.847,15.48,160.39,704.44,1373.857,568.513389,14.645,162.577,498.59899999999993,704.44,41.44495731227333,58.55504268772667
2023-08-26T00:00:00,2023-08-26T00:00:00,106.995,392.997,47.342,52.598,228.6,150.17,0,65.347,7.942,209.366,499.401,1192.981,417.624185,23.743,178.551,571.253,499.40099999999995,53.355519149977496,46.644480850022504
2023-08-27T00:00:00,2023-08-27T00:00:00,107.031,448.451,37.519,57.35,212.66,136.475,0,66.342,6.26,119.976,459.255,1105.235,385.739074,23.63,106.542,414.529,459.256,47.44061754321716,52.55938245678284
2023-08-28T00:00:00,2023-08-28T00:00:00,107.665,481.087,100.998,54.143,274.554,223.448,0,65.765,12.603,134.6,677.369,1331.808,551.970151,30.938,118.995,446.341,677.3679999999999,39.72033684877491,60.279663151225094
2023-08-29T00:00:00,2023-08-29T00:00:00,107.842,549.535,127.162,45.301,305.681,252.073,0,63.492,16.013,119.272,764.42,1380.004,620.324271,7.754,48.689,328.85800000000006,764.4209999999999,30.079970437555286,69.92002956244473
2023-08-30T00:00:00,2023-08-30T00:00:00,107.502,476.983,106.766,53.772,293.347,212.43,0,61.554,12.559,186.932,686.656,1373.627,564.997998,27.485,103.137,478.82800000000003,686.656,41.08404748585138,58.91595251414863
2023-08-31T00:00:00,2023-08-31T00:00:00,107.052,368.047,65.478,59.67,249.389,188.428,0,61.045,10.696,210.785,575.036,1360.167,468.6431,38.367,273.632,689.5060000000001,575.0360000000001,54.526144643673355,45.47385535632664
2023-09-01T00:00:00,2023-09-01T00:00:00,111.066,418.37,62.376,58.666,249.729,198.335,0,56.073,16.607,182.572,583.12,1340.848,465.922309,24.341,134.098,510.743,583.12,46.6916789396844,53.3083210603156
2023-09-02T00:00:00,2023-09-02T00:00:00,110.728,387.886,48.372,57.66,185.484,164.73,0,55.121,12.359,259.795,466.066,1165.836,364.981489,12.526,30.032,470.741,466.066,50.249517776874,49.750482223126
2023-09-03T00:00:00,2023-09-03T00:00:00,110.374,352.94,31.811,54.397,162.11,143.332,0,58.28,8.283,239.024,403.815,1093.585,318.924351,32.303,69.767,505.86499999999995,403.81600000000003,55.609054162942826,44.39094583705717
2023-09-04T00:00:00,2023-09-04T00:00:00,109.697,352.986,56.807,50.813,188.167,182.1,0,58.513,15.956,311.913,501.543,1309.053,389.515942,13.132,104.77,590.325,501.54299999999995,54.06560133642528,45.93439866357472
2023-09-05T00:00:00,2023-09-05T00:00:00,109.556,354.614,56.96,51.027,214.491,196.218,0,59.224,14.949,306.386,541.842,1360.045,426.414609,10.686,164.813,642.4680000000001,541.842,54.248296476429324,45.75170352357068
2023-09-06T00:00:00,2023-09-06T00:00:00,108.581,382.526,70.016,51.814,238.131,209.111,0,57.103,17.344,308.485,591.704,1375.935,466.636956,28.113,106.959,603.952,591.705,50.512145205522984,49.48785479447701
2023-09-07T00:00:00,2023-09-07T00:00:00,108.212,327.168,64.898,49.617,217.734,189.916,0,59.805,11.976,314.824,544.33,1395.353,432.974888,67.463,223.736,763.852,544.329,58.39039093214164,41.609609067858344
2023-09-08T00:00:00,2023-09-08T00:00:00,108.319,376.142,80.872,49.249,226.119,212.117,0,64.209,18.348,308.882,601.666,1370.586,473.587197,32.19,133.196,631.836,601.665,51.222982389150886,48.777017610849114
2023-09-09T00:00:00,2023-09-09T00:00:00,108.174,422.869,64.815,48.45,232.789,173.083,0,65.85,12.538,299.592,549.075,1197.764,448.002499,5.358,41.318,502.892,549.075,47.80492163727569,52.1950783627243
2023-09-10T00:00:00,2023-09-10T00:00:00,108.635,427.406,64.152,46.757,209.68,158.898,0,65.524,10.683,284.995,508.938,1134.5,414.031742,5.678,12.912,458.977,508.937,47.419192200960005,52.580807799039995
2023-09-11T00:00:00,2023-09-11T00:00:00,108.762,434.889,106.253,47.497,248.484,221.732,0,67.214,20.227,285.797,663.909,1400.321,528.186738,40.922,37.636,520.614,663.91,43.95132559576675,56.04867440423327
2023-09-12T00:00:00,2023-09-12T00:00:00,109.759,482.443,151.298,48.042,284.751,232.399,0,66.468,16.266,231.476,751.182,1437.63,609.863858,39.224,49.247,477.748,751.1819999999999,38.87511900596454,61.12488099403546
2023-09-13T00:00:00,2023-09-13T00:00:00,108.635,457.996,130.407,50.053,292.22,205.954,0,66.104,10.733,128.855,705.418,1431.171,584.937329,78.053,183.073,548.669,705.4180000000001,43.75047345200134,56.24952654799868
2023-09-14T00:00:00,2023-09-14T00:00:00,106.412,499.076,144.714,50.058,301.839,227.365,0,68.832,17.531,237.804,760.281,1401.215,623.351804,21.18,40.263,455.717,760.281,37.47678861313916,62.52321138686082
2023-09-15T00:00:00,2023-09-15T00:00:00,107.347,419.42,79.757,47.432,275.625,191.143,0,69.212,15.894,283.624,631.631,1362.038,520.487899,28.065,127.047,593.515,631.631,48.444430296470784,51.555569703529216
2023-09-16T00:00:00,2023-09-16T00:00:00,106.969,378.762,55.936,42.368,193.833,135.565,0,62.869,15.646,272.963,463.849,1158.991,376.571184,13.109,105.328,540.737,463.849,53.82685006559916,46.17314993440084
2023-09-17T00:00:00,2023-09-17T00:00:00,106.923,360.615,46.449,41.669,166.553,128.744,0,64.076,10.986,239.041,416.808,1106.281,335.24686,34.723,104.133,526.489,416.808,55.813704485437775,44.18629551456222
2023-09-18T00:00:00,2023-09-18T00:00:00,106.448,307.372,71.532,41.244,175.03,145.951,0,70.792,16.101,130.657,479.405,1387.608,379.741679,74.781,408.521,761.6510000000001,479.40600000000006,61.371153782622386,38.62884621737761
2023-09-19T00:00:00,2023-09-19T00:00:00,107.832,245.952,67.32,44.793,157.328,133.242,0,65.062,18.392,207.094,441.345,1420.798,346.376592,52.632,565.828,978.179,441.344,68.90899266866406,31.091007331335952
2023-09-20T00:00:00,2023-09-20T00:00:00,108.201,269.928,83.995,43.941,157.185,151.31,0,61.919,16.219,244.282,470.628,1431.013,368.704776,68.094,433.684,898.202,470.628,65.6182287062674,34.381771293732605
2023-09-21T00:00:00,2023-09-21T00:00:00,108.171,352.274,95.106,42.248,214.668,155.674,0,66.12,19.131,201.742,550.699,1394.577,445.258606,36.336,325.685,714.182,550.699,56.462386580239574,43.53761341976043
2023-09-22T00:00:00,2023-09-22T00:00:00,108.862,425.723,87.575,42.319,266.688,173.588,0,68.017,19.029,107.868,614.898,1361.881,507.495597,43.593,267.194,569.836,614.8969999999999,48.098263490592394,51.901736509407606
2023-09-23T00:00:00,2023-09-23T00:00:00,109.101,333.659,39.121,53.816,186.053,122.122,0,67.215,11.858,174.071,426.37,1163.786,350.500273,34.885,267.89,639.7629999999999,426.36899999999997,60.0078601899202,39.992139810079806
2023-09-24T00:00:00,2023-09-24T00:00:00,108.934,308.472,44.334,47.008,134.271,109.933,0,65.688,11.154,242.813,365.38,1129.102,290.90913,89.099,111.694,599.548,365.38,62.13396232672282,37.86603767327718
2023-09-25T00:00:00,2023-09-25T00:00:00,109.572,339.408,107.649,45.191,183.802,162.534,0,67.931,17.867,264.231,539.782,1377.862,429.473689,88.061,215.965,723.0200000000001,539.783,57.25516965037302,42.74483034962698
2023-09-26T00:00:00,2023-09-26T00:00:00,113.272,485.064,149.088,45.522,272.011,196.529,0,68.548,18.691,252.571,704.867,1392.512,578.646627,23.593,34.635,469.593,704.8670000000001,39.98373720688657,60.01626279311344
2023-09-27T00:00:00,2023-09-27T00:00:00,113.066,468.965,148.645,43.573,265.005,188.14,0,67.032,17.65,236.051,686.472,1394.148,564.629315,35.703,74.692,503.08500000000004,686.472,42.29179434024599,57.70820565975401
2023-09-28T00:00:00,2023-09-28T00:00:00,113.34,387.075,92.819,40.566,241.434,168.982,0,64.238,18.032,227.106,585.504,1408.068,479.353555,107.997,158.817,647.826,585.505,52.52653180695206,47.47346819304793
2023-09-29T00:00:00,2023-09-29T00:00:00,113.414,369.565,61.378,40.461,255.756,159.241,0,66.065,11.813,159.712,554.254,1388.651,463.41035,100.61,285.046,699.2429999999999,554.253,55.783424917191596,44.216575082808404
2023-09-30T00:00:00,2023-09-30T00:00:00,113.57,357.526,43.625,36.878,206.955,133.711,0,63.458,14.992,192.22,462.74,1191.657,377.901186,73.927,189.392,605.9870000000001,462.74100000000004,56.70170520469193,43.29829479530807
2023-10-01T00:00:00,2023-10-01T00:00:00,117.96,352.441,34.28,33.761,172.03,143.03,0,65.769,10.969,203.681,426.078,1124.794,332.839762,56.93,130.242,542.5740000000001,426.07800000000003,56.01330508789535,43.98669491210466
2023-10-02T00:00:00,2023-10-02T00:00:00,118.136,426.645,87.098,35.465,247.709,195.347,0,66.274,20.212,216.835,616.64,1239.745,490.586444,29.321,126.689,526.446,616.64,46.054802525794216,53.945197474205784
2023-10-03T00:00:00,2023-10-03T00:00:00,116.991,192.231,45.481,34.005,100.2,136.824,0,61.384,10.058,136.445,353.948,1198.329,255.428907,95.529,619.827,1002.797,353.947,73.91202761906446,26.087972380935533
2023-10-04T00:00:00,2023-10-04T00:00:00,117.574,260.401,88.301,34.166,142.517,189.012,0,65.08,19.075,184.085,503.985,1426.29,372.863974,108.954,480.195,924.974,503.98499999999996,64.73061858317838,35.26938141682161
2023-10-05T00:00:00,2023-10-05T00:00:00,118.228,340.083,100.392,33.565,195.431,230.783,0,66.729,20.089,136.956,613.424,1429.987,467.429122,79.451,365.295,733.4950000000001,613.424,54.45724650108878,45.54275349891122
2023-10-06T00:00:00,2023-10-06T00:00:00,116.769,276.568,80.786,32.68,170.431,192.518,0,67.271,19.216,183.531,530.221,1447.886,401.641848,114.075,470.043,917.098,530.222,63.36525440123815,36.634745598761846
2023-10-07T00:00:00,2023-10-07T00:00:00,114.258,229.37,49.688,30.791,116.661,146.182,0,62.064,13.418,116.204,388.014,1266.998,283.257015,44.869,563.467,869.5889999999999,388.013,69.14659804930336,30.853401950696647
2023-10-08T00:00:00,2023-10-08T00:00:00,114.256,406.484,44.469,30.298,173.163,184.214,0,69.967,14.837,126.018,486.651,1131.721,372.481526,30.625,128.653,429.85,486.65,46.901254773595205,53.098745226404795
2023-10-09T00:00:00,2023-10-09T00:00:00,114.087,454.08,130.145,34.788,263.133,277.382,0,70.681,20.448,69.567,761.789,1387.547,598.483285,60.94,221.635,501.017,761.7890000000001,39.67489859883466,60.32510140116535
2023-10-10T00:00:00,2023-10-10T00:00:00,114.259,448.109,142.359,35.006,284.978,253.925,0,73.282,16.362,161.293,770.907,1438.108,619.43295,74.239,185.212,570.009,770.906,42.50895843509843,57.49104156490158
2023-10-11T00:00:00,2023-10-11T00:00:00,114.062,250.028,98.024,34.143,161.012,153.241,0,62.363,18.241,187.134,492.881,1453.194,376.657544,99.552,596.895,1031.786,492.88100000000003,67.67287545411556,32.327124545884445
2023-10-12T00:00:00,2023-10-12T00:00:00,114.066,450.983,177.122,32.966,273.297,240.858,0,70.292,22.533,83.366,784.101,1442.814,627.259612,62.212,280.529,573.139,784.1020000000001,42.228240968258405,57.77175903174161
2023-10-13T00:00:00,2023-10-13T00:00:00,112.523,271.862,71.453,32.164,181.042,175.54,0,65.236,14.1,139.856,507.371,1438.919,392.737827,72.064,585.794,942.401,507.371,65.00339363706846,34.99660636293155
2023-10-14T00:00:00,2023-10-14T00:00:00,110.914,213.462,68.246,29.781,104.74,143.841,0,62.53,23.429,119.179,402.787,1262.365,285.762396,81.401,618.749,960.0240000000001,402.78599999999994,70.44444933629781,29.555550663702203
2023-10-15T00:00:00,2023-10-15T00:00:00,110.575,251.269,67.963,29.289,134.7,148.022,0,62.103,14.075,129.648,426.863,1228.59,319.975457,119.121,479.62,868.2529999999999,426.86299999999994,67.04055852912016,32.959441470879824
2023-10-16T00:00:00,2023-10-16T00:00:00,110.102,482.331,186.748,29.277,313.203,223.88,0,67.877,17.087,161.729,808.795,1416.175,663.46195,78.858,163.458,543.4240000000001,808.7949999999998,40.18757316677255,59.81242683322744
2023-10-17T00:00:00,2023-10-17T00:00:00,110.25,565.982,206.262,30.978,369.738,243.43,0,74.159,14.108,135.825,907.697,1445.943,759.946525,13.158,109.671,399.882,907.697,30.58186159306627,69.41813840693374
2023-10-18T00:00:00,2023-10-18T00:00:00,110.665,394.275,86.917,29.874,295.06,189.8,0,70.44,12.864,145.143,655.081,1474.786,543.824266,99.702,335.575,720.9590000000001,655.0810000000001,52.393753088573,47.606246911427
2023-10-19T00:00:00,2023-10-19T00:00:00,110.388,367.541,126.876,28.803,234.831,208.848,0,67.704,19.218,58.125,657.477,1477.81,520.881279,120.372,427.678,745.366,657.477,53.132531580511866,46.86746841948815
2023-10-20T00:00:00,2023-10-20T00:00:00,110.447,297.096,89.84,29.442,181.998,193.028,0,67.896,14.836,40.618,547.599,1478.569,424.174413,48.64,645.942,875.0889999999999,547.598,61.50959416934294,38.49040583065706
2023-10-21T00:00:00,2023-10-21T00:00:00,109.344,255.964,56.685,38.332,121.165,146.745,0,62.259,18.778,123.377,405.633,1287.922,295.34659,107.75,391.142,769.9449999999999,405.63200000000006,65.49507178177184,34.50492821822816
2023-10-22T00:00:00,2023-10-22T00:00:00,110.188,287.162,47.052,32.442,166.091,139.771,0,65.911,13.244,131.656,432.069,1200.037,335.901846,115.085,374.468,763.8389999999999,432.06899999999996,63.87105028145977,36.12894971854022
2023-10-23T00:00:00,2023-10-23T00:00:00,113.535,519.648,144.048,33.617,348.822,248.706,0,69.853,23.226,118.59,834.655,1412.163,684.302882,32.535,145.568,443.8449999999999,834.655,34.71607352366053,65.28392647633946
2023-10-24T00:00:00,2023-10-24T00:00:00,116.964,496.975,151.306,33.752,358.845,255.989,0,73.747,14.6,32.512,854.488,1453.599,709.790608,115.558,232.273,531.059,854.4870000000001,38.328500100321456,61.67149989967854
2023-10-25T00:00:00,2023-10-25T00:00:00,117.518,468.979,171.393,34.71,332.284,241.332,0,69.519,12.965,98.287,827.493,1500.154,684.493328,101.187,246.234,597.936,827.493,41.94779255929267,58.05220744070733
2023-10-26T00:00:00,2023-10-26T00:00:00,117.167,517.921,187.446,33.994,341.394,254.705,0,70.016,13.95,49.767,867.511,1490.663,716.662511,85.145,188.168,474.241,867.5110000000001,35.34490725558822,64.65509274441179
2023-10-27T00:00:00,2023-10-27T00:00:00,117.937,520.812,165.93,36.631,351.949,205.385,0,72.666,15.758,52.881,811.689,1447.495,682.877299,110.822,168.113,486.38399999999996,811.6880000000001,37.46972432962116,62.53027567037884
2023-10-28T00:00:00,2023-10-28T00:00:00,118.461,313.931,49.567,36.747,153.01,142.949,0,67.588,16.406,82.114,429.52,1254.961,326.548266,109.136,288.23,634.688,429.52000000000004,59.63946897598965,40.36053102401034
2023-10-29T00:00:00,2023-10-29T00:00:00,123.666,169.048,40.029,33.329,90.134,123.845,0,58.008,13.063,73.229,325.08,1229.06,224.033624,152.578,657.731,1040.533,325.079,76.19536149360141,23.804638506398597
2023-10-30T00:00:00,2023-10-30T00:00:00,118.27,368.511,110.867,30.629,229.644,208.476,0,69.64,20.835,88.023,639.462,1373.845,503.201217,93.446,381.386,711.754,639.4620000000001,52.67507193520503,47.324928064794975
2023-10-31T00:00:00,2023-10-31T00:00:00,118.244,367.028,80.967,46.055,246.2,186.013,0,69.519,14.964,54.587,597.663,1381.442,481.661789,41.494,452.162,712.5419999999999,597.663,54.38400860933975,45.61599139066024
2023-11-01T00:00:00,2023-11-01T00:00:00,118.684,247.937,38.797,59.605,123.699,155.224,0,63.796,7.706,101.983,389.222,1310.441,282.149309,113.828,392.266,786.366,389.222,66.89129184714373,33.108708152856266
2023-11-02T00:00:00,2023-11-02T00:00:00,118.692,204.69,64.587,51.907,116.191,152.438,0,58.589,13.116,39.531,404.922,1481.753,288.725634,112.031,721.671,1043.832,404.921,72.05037711742443,27.949622882575564
2023-11-03T00:00:00,2023-11-03T00:00:00,116.355,251.419,56.975,67.001,140.525,183.726,0,61.983,25.001,57.253,468.21,1451.948,330.03209,119.624,510.03,870.2629999999999,468.21,65.0190926525974,34.9809073474026
2023-11-04T00:00:00,2023-11-04T00:00:00,114.676,166.674,35.083,61.353,85.605,133.425,0,54.888,11.747,97.233,320.748,1269.934,216.570138,136.556,616.391,1026.2089999999998,320.748,76.18721310331361,23.812786896686383
2023-11-05T00:00:00,2023-11-05T00:00:00,114.836,197.292,33.782,54.598,102.234,132.219,0,55.906,14.946,53.711,339.087,1210.403,233.742783,61.938,607.919,893.002,339.08700000000005,72.47869269184288,27.521307308157127
2023-11-06T00:00:00,2023-11-06T00:00:00,114.623,225.298,60.099,54.621,162.153,184.386,0,60.461,18.496,90.172,485.595,1478.813,354.18178,102.309,748.901,1110.626,485.59499999999997,69.57846062669267,30.421539373307326
2023-11-07T00:00:00,2023-11-07T00:00:00,113.888,300.599,85.782,56.669,219.343,206.094,0,61.471,20.803,71.296,593.494,1513,449.986713,117.743,558.601,918.197,593.4929999999999,60.739768074142184,39.26023192585781
2023-11-08T00:00:00,2023-11-08T00:00:00,115.246,286.882,92.57,54.421,222.927,194.932,0,61.024,14.811,82.332,586.264,1552.514,453.074296,129.318,631.107,1012.424,586.264,63.32842931203586,36.67157068796413
2023-11-09T00:00:00,2023-11-09T00:00:00,116.911,355.821,118.17,52.699,280.385,199.88,0,61.296,11.793,55.22,671.524,1541.837,539.451986,72.326,564.456,861.6120000000001,671.524,56.19931956460484,43.800680435395165
2023-11-10T00:00:00,2023-11-10T00:00:00,119.935,394.786,88.594,53.22,324.815,216.965,0,65.168,19.391,61.434,714.933,1492.357,576.489852,89.538,430.577,754.704,714.933,51.35308923223898,48.64691076776102
2023-11-11T00:00:00,2023-11-11T00:00:00,120.121,453.91,72.468,52.223,309.731,202.18,0,71.588,11.438,58.455,667.406,1301.761,546.561937,27.99,293.53,552.319,667.405,45.282293371287274,54.717706628712726
2023-11-12T00:00:00,2023-11-12T00:00:00,120.689,523.442,69.236,50.894,312.405,194.675,0,70.361,12.324,63.145,659.001,1243.296,540.917673,22.99,135.486,393.204,659.001,37.36952399960084,62.63047600039916
2023-11-13T00:00:00,2023-11-13T00:00:00,120.332,374.869,93.645,60.824,269.949,207.942,0,68.852,18.904,29.717,659.293,1484.064,521.055566,64.482,469.507,744.8620000000001,659.292,53.04703045392457,46.95296954607544
2023-11-14T00:00:00,2023-11-14T00:00:00,119.212,250.399,99.551,62.352,173.02,175.117,0,60.571,16.946,34.006,525.205,1556.09,393.845041,66.584,794.662,1076.816,525.205,67.21609766663482,32.78390233336517
2023-11-15T00:00:00,2023-11-15T00:00:00,119.133,400.554,126.254,62.64,305.318,233.54,0,68.709,18.978,54.11,752.798,1524.552,600.369095,61.865,451.435,749.183,752.7989999999999,49.879625721213706,50.12037427878629
2023-11-16T00:00:00,2023-11-16T00:00:00,118.329,466.497,200.876,67.92,340.438,297.702,0,77.975,18.543,46.183,935.535,1524.191,745.019042,50.158,354.437,637.027,935.534,40.508889639257234,59.49111036074276
2023-11-17T00:00:00,2023-11-17T00:00:00,118.525,542.956,218.15,67.468,384.938,297.557,0,77.705,19.862,48.181,998.212,1524.567,809.409993,18.557,215.105,467.83599999999996,998.212,31.91136988693412,68.08863011306588
2023-11-18T00:00:00,2023-11-18T00:00:00,118.309,407.328,65.627,63.13,253.657,217.635,0,75.038,9.722,53.369,621.678,1343.706,493.050481,95.055,268.835,598.698,621.679,49.058446693112046,50.941553306887954
2023-11-19T00:00:00,2023-11-19T00:00:00,119.058,210.858,48.71,63.086,117.709,153.114,0,66.514,15.507,54.572,401.554,1256.257,287.824007,106.809,658.672,1002.197,401.55400000000003,71.39421450100481,28.605785498995196
2023-11-20T00:00:00,2023-11-20T00:00:00,118.322,432.415,162.329,66.312,291.56,256.188,0,73.158,17.497,47.442,800.732,1478.934,633.507564,29.445,396.273,657.7940000000001,800.732,45.09991594253377,54.90008405746624
2023-11-21T00:00:00,2023-11-21T00:00:00,119.672,546.256,251.433,67.423,365.175,305.263,0,75.055,15.706,31.828,1012.631,1534.924,816.134819,72.544,161.978,453.445,1012.632,30.92913946538961,69.07086053461039
2023-11-22T00:00:00,2023-11-22T00:00:00,119.268,486.723,200.842,67.302,352.668,310.717,0,72.172,14.123,52.933,950.522,1601.919,760.32037,91.788,249.77,581.061,950.522,37.938590334314235,62.061409665685765
2023-11-23T00:00:00,2023-11-23T00:00:00,118.047,248.292,133.23,64.373,146.245,263.273,0,64.382,10.966,41.604,618.096,1617.432,443.863228,60.818,875.278,1160.12,618.0960000000001,65.24066817529479,34.75933182470522
2023-11-24T00:00:00,2023-11-24T00:00:00,120.23,259.085,142.463,61.031,147.163,233.275,0,68.969,15.951,40.186,607.821,1566.577,444.593857,85.516,804.28,1111.243,607.8209999999999,64.64232861603757,35.35767138396243
2023-11-25T00:00:00,2023-11-25T00:00:00,120.197,381.499,129.225,62.797,249.216,209.767,0,70.003,8.5,31.626,666.712,1360.454,530.629561,94.262,428.926,737.808,666.7110000000001,52.5310088364771,47.46899116352289
2023-11-26T00:00:00,2023-11-26T00:00:00,121.214,551.064,197.292,61.102,354.595,268.981,0,76.977,7.094,37.305,904.939,1303.393,740.192377,32.092,173.847,425.56000000000006,904.9390000000001,31.984992096950087,68.0150079030499
2023-11-27T00:00:00,2023-11-27T00:00:00,120.657,492.684,199.358,60.483,386.345,327.428,0,76.138,13.064,23.143,1002.332,1574.467,808.101847,89.51,305.334,599.127,1002.333,37.41129968903375,62.58870031096624
2023-11-28T00:00:00,2023-11-28T00:00:00,120.915,494.762,230.509,64.094,362.112,351.072,0,76.489,17.533,14.656,1037.715,1617.331,821.085036,86.206,287.31,573.181,1037.715,35.581502468191616,64.41849753180838
2023-11-29T00:00:00,2023-11-29T00:00:00,121.3,485.444,256.749,66.182,373.789,357.084,0,77.936,16.018,20.123,1081.575,1627.108,860.496641,53.426,378.943,639.9739999999999,1081.576,37.174290610205915,62.825709389794085
2023-11-30T00:00:00,2023-11-30T00:00:00,120.429,610.073,266.721,67.991,391.858,404.09,0,81.476,19.411,15.223,1163.557,1625.78,916.358217,26.166,37.15,266.959,1163.556,18.661740701775233,81.33825929822476
2023-12-01T00:00:00,2023-12-01T00:00:00,120.168,603.311,268.206,76.871,395.283,389.868,0,71.076,19.47,5.941,1143.903,1599.767,894.542056,40.862,46.061,289.90299999999996,1143.903,20.219123089176634,79.78087691082337
2023-12-02T00:00:00,2023-12-02T00:00:00,120.501,611.197,253.898,73.246,384.102,348.239,0,67.961,14.158,8.451,1068.359,1410.652,846.529082,16.094,65.697,283.98900000000003,1068.358,20.999713830843714,79.00028616915628
2023-12-03T00:00:00,2023-12-03T00:00:00,120.308,562.775,227.089,71.973,376.926,277.544,0,67.797,10.695,20.562,960.05,1356.65,778.456844,58.463,147.981,419.28700000000003,960.051,30.397698026154572,69.60230197384541
2023-12-04T00:00:00,2023-12-04T00:00:00,120.076,483.443,231.066,68.377,393.701,340.09,0,68.881,16.329,6.048,1050.066,1608.047,834.293732,104.373,345.85,644.7239999999999,1050.067,38.04150482271855,61.95849517728145
2023-12-05T00:00:00,2023-12-05T00:00:00,120.245,455.253,216.184,70.517,378.365,329.083,0,63.361,17.993,12.983,1004.986,1592.942,792.388824,137.246,368.519,709.51,1004.9860000000001,41.38300701780581,58.61699298219418
2023-12-06T00:00:00,2023-12-06T00:00:00,121.068,545.3,239.446,73.266,382.593,377.876,0,72.493,21.589,8.339,1093.996,1595.823,851.62194,72.437,147.146,422.256,1093.9969999999998,27.848650587995543,72.15134941200446
2023-12-07T00:00:00,2023-12-07T00:00:00,120.792,559.062,227.995,74.563,377.548,371.87,0,73.073,18.092,36.113,1068.578,1607.825,833.480495,33,114.854,379.322,1068.5780000000002,26.198079977899024,73.80192002210099
2023-12-08T00:00:00,2023-12-08T00:00:00,120.654,490.037,170.531,67.052,381.68,318.156,0,67.113,15.894,10.989,953.373,1564.264,757.297295,101.173,268.5,568.368,953.374,37.34982671175534,62.650173288244645
2023-12-09T00:00:00,2023-12-09T00:00:00,121.172,336.749,78.036,64.772,242.243,207.124,0,65.203,4.407,26.656,597.013,1365.299,471.903696,135.721,475.411,823.732,597.013,57.97887727917396,42.02112272082605
2023-12-10T00:00:00,2023-12-10T00:00:00,121.139,225.676,48.476,66.338,153.644,169.986,0,52.309,10.549,29.311,434.965,1268.555,318.782052,86.559,708.826,1012.173,434.96399999999994,69.94313599887226,30.056864001127742
2023-12-11T00:00:00,2023-12-11T00:00:00,120.776,372.253,101.607,72.531,320.556,211.415,0,63.078,16.973,24.987,713.629,1477.274,575.079821,31.537,601.831,851.662,713.6289999999999,54.40918014605592,45.59081985394408
2023-12-12T00:00:00,2023-12-12T00:00:00,119.352,538.172,200.056,70.924,395.792,299.216,0,65.566,19.372,26.513,980.003,1540.114,788.031315,65.926,187.678,470.39300000000003,980.002,32.43206161080258,67.56793838919742
2023-12-13T00:00:00,2023-12-13T00:00:00,120.801,475.488,161.204,68.214,379.266,288.314,0,66.687,13.151,26.31,908.623,1558.228,735.081436,154.915,255.867,626.107,908.6220000000001,40.79593205054442,59.20406794945558
2023-12-14T00:00:00,2023-12-14T00:00:00,120.919,583.915,205.143,70.612,396.876,323.997,0,65.923,22.447,18.259,1014.386,1523.002,809.239009,34.582,102.685,347.057,1014.3860000000001,25.491849456789595,74.50815054321039
2023-12-15T00:00:00,2023-12-15T00:00:00,121.236,506.98,135.384,73.075,390.48,266.957,0,67.839,16.318,23.008,876.978,1492.094,715.814663,81.39,234.458,533.167,876.9780000000001,37.80937421329013,62.19062578670989
2023-12-16T00:00:00,2023-12-16T00:00:00,121.9,299.523,99.971,69.26,184.562,215.312,0,54.323,14.594,43.802,568.762,1377.019,423.956325,119.543,509.782,864.287,568.7620000000001,60.31105705387604,39.688942946123966
2023-12-17T00:00:00,2023-12-17T00:00:00,122.062,282.837,116.964,64.448,162.533,198.282,0,52.172,12.847,61.326,542.798,1330.674,402.530242,87.206,569.5,904.5419999999999,542.798,62.49685630190557,37.50314369809444
2023-12-18T00:00:00,2023-12-18T00:00:00,121.643,299.175,127.943,67.928,197.53,231.456,0,57.253,19.157,66.854,633.338,1505.578,471.415203,116.684,580.617,953.726,633.339,60.09369496523457,39.90630503476543
2023-12-19T00:00:00,2023-12-19T00:00:00,120.59,314.755,97.497,68.472,218.363,229.785,0,65.326,18.603,43.682,629.574,1493.736,476.843621,101.243,562.61,896.597,629.574,58.74813503860315,41.251864961396855
2023-12-20T00:00:00,2023-12-20T00:00:00,121.315,234.493,89.487,65.986,139.931,219.862,0,56.036,18.257,28.836,523.573,1480.478,370.91974,107.238,749.32,1072.6950000000002,523.573,67.20018192433854,32.79981807566148
2023-12-21T00:00:00,2023-12-21T00:00:00,121.737,167.929,75.593,65.714,96.853,160.98,0,49.582,17.925,8.548,400.934,1415.244,275.563616,103.305,979.455,1278.759,400.933,76.13056441299952,23.869435587000474
2023-12-22T00:00:00,2023-12-22T00:00:00,121.096,155.925,52.621,73.349,96.288,147.785,0,49.307,21.475,19.493,367.475,1372.39,247.79175,117.622,935.545,1267.105,367.476,77.5186423921482,22.481357607851795
2023-12-23T00:00:00,2023-12-23T00:00:00,122.391,195.722,49.088,74.831,98.147,149.286,0,53.932,25.216,11.362,375.669,1239.278,254.217687,97.443,662.119,968.146,375.66900000000004,72.04458947102093,27.955410528979062
2023-12-24T00:00:00,2023-12-24T00:00:00,120.664,153.727,33.584,70.072,86.185,131.311,0,51.082,7.963,11.805,310.126,1220.243,216.325874,110.194,835.376,1148.1109999999999,310.12500000000006,78.73286628501833,21.267133714981668
2023-12-25T00:00:00,2023-12-25T00:00:00,120.192,166.448,34.912,70.512,86.532,131.988,0,51.011,18.283,32.115,322.727,1119.573,218.1829,104.156,711.994,1038.969,322.726,76.29968531866534,23.700314681334657
2023-12-26T00:00:00,2023-12-26T00:00:00,119.176,171.193,37.333,70.567,97.873,140.305,0,51.261,10.676,33.162,337.448,1153.614,236.430095,117.683,750.544,1091.132,337.44800000000004,76.37878172730963,23.621218272690363
2023-12-27T00:00:00,2023-12-27T00:00:00,118.75,265.032,42.421,70.122,116.099,188.249,0,63.12,23.729,57.411,433.617,1232.543,299.319614,96.082,380.446,722.811,433.618,62.50370753414174,37.496292465858254
2023-12-28T00:00:00,2023-12-28T00:00:00,120.408,159.326,58.276,66.622,81.614,140.947,0,52.644,19.351,36.065,352.831,1252.216,238.062222,123.598,841.543,1188.2359999999999,352.832,77.10470920167053,22.895290798329473
2023-12-29T00:00:00,2023-12-29T00:00:00,121.464,151.512,59.311,65.52,78.596,134.975,0,50.88,15.827,33.926,339.588,1251.417,231.010704,129.291,884.053,1234.254,339.589,78.4229430762789,21.57705692372111
2023-12-30T00:00:00,2023-12-30T00:00:00,121.948,187.63,52.69,64.28,83.357,142.816,0,55.77,24.487,52.692,359.121,1159.161,240.573179,133.64,595.709,968.269,359.12,72.94538375713525,27.05461624286475
2023-12-31T00:00:00,2023-12-31T00:00:00,123.518,183.094,47.094,65.779,82.415,133.248,0,51.448,14.58,29.288,328.786,1122.104,225.137291,135.328,596.502,950.415,328.78499999999997,74.29760787992497,25.702392120075046