date_id,date_id,Biomass,Grid emission factor,Hard Coal,Hydro,Lignite,Natural Gas,Other,Pumped storage generation,Solar,Conventional,Total electricity demand,Total grid emissions,Wind offshore,Wind onshore,Total Renewables,Total Conventional,Renewable share,Conventional share
2024-09-16T00:00:00,2024-09-16T00:00:00,4.297,485.234,3.5,2.745,8.09,6.76,2.413,0.273,0,21.036,43.106,16944.281,0.456,6.386,13.884,21.036,39.75945017182131,60.24054982817869
2024-09-16T01:00:00,2024-09-16T01:00:00,4.337,491.329,3.534,2.666,8.098,6.707,2.335,0.136,0,20.809,42.403,16836.352,0.479,5.975,13.457,20.810000000000002,39.27101876440891,60.72898123559109
2024-09-16T02:00:00,2024-09-16T02:00:00,4.411,494.916,3.523,2.597,8.295,6.706,2.331,0.044,0,20.898,42.859,17031.529,0.514,5.993,13.515,20.899,39.27180798512233,60.72819201487767
2024-09-16T03:00:00,2024-09-16T03:00:00,4.48,485.248,3.56,2.718,8.656,6.774,2.325,0.043,0,21.357,44.431,17467.585,0.695,6.747,14.64,21.358,40.6689260514473,59.33107394855269
2024-09-16T04:00:00,2024-09-16T04:00:00,4.541,478.415,3.764,2.744,8.745,7.111,2.314,0.034,0,21.967,44.697,17844.936,0.587,7.46,15.332,21.967999999999996,41.10455764075068,58.89544235924933
2024-09-16T05:00:00,2024-09-16T05:00:00,4.552,468.252,4.192,2.697,8.467,8.139,2.317,0.093,0,23.207,46.755,18301.999,0.551,8.079,15.879000000000001,23.208000000000002,40.624760150433644,59.375239849566356
2024-09-16T06:00:00,2024-09-16T06:00:00,4.516,444.981,5.035,2.999,8.171,9.6,2.529,1.729,0.023,27.064,52.366,19585.767,0.566,8.847,16.951,27.063999999999997,38.51187095308418,61.488129046915816
2024-09-16T07:00:00,2024-09-16T07:00:00,4.446,415.751,5.172,3.286,8.393,10.364,2.559,3.343,0.509,29.831,56.4,20278.098,1.139,9.564,18.944,29.831000000000003,38.83956945156329,61.16043054843669
2024-09-16T08:00:00,2024-09-16T08:00:00,4.359,401.846,5.117,3.079,8.704,10.506,2.505,2.679,2.624,29.511,60.574,20533.871,1.338,10.188,21.588,29.511,42.247402101802386,57.752597898197614
2024-09-16T09:00:00,2024-09-16T09:00:00,4.306,385.144,5.123,2.913,8.944,10.422,2.506,2.185,5.833,29.18,62.448,20765.542,1.931,9.753,24.736,29.18,45.87877438979153,54.12122561020848
2024-09-16T10:00:00,2024-09-16T10:00:00,4.288,368.012,5.099,2.909,8.898,10.164,2.519,1.733,9.058,28.414,64.061,20633.74,2.092,9.307,27.653999999999996,28.413,49.32313125367863,50.67686874632137
2024-09-16T11:00:00,2024-09-16T11:00:00,4.298,356.555,4.953,2.758,8.839,9.829,2.519,0.767,11.669,26.907,65.795,20319.668,2.113,9.244,30.082,26.907,52.78562529610977,47.21437470389022
2024-09-16T12:00:00,2024-09-16T12:00:00,4.341,348.852,4.812,2.803,8.887,9.608,2.517,0.286,13.209,26.11,66.393,20165.043,1.785,9.555,31.693,26.110000000000003,54.82933411760635,45.17066588239365
2024-09-16T13:00:00,2024-09-16T13:00:00,4.395,345.8,4.982,2.834,8.842,9.646,2.518,0.434,13.308,26.422,64.687,20276.193,1.49,10.186,32.212999999999994,26.422000000000004,54.93817685682612,45.06182314317388
2024-09-16T14:00:00,2024-09-16T14:00:00,4.433,350.096,5.266,2.657,8.838,9.614,2.344,0.301,12.08,26.363,63.964,20223.048,1.48,10.751,31.401000000000003,26.363,54.36084758673222,45.63915241326777
2024-09-16T15:00:00,2024-09-16T15:00:00,4.493,355.362,5.334,2.67,8.843,9.778,2.346,0.291,10.449,26.593,64.136,20351.926,1.784,11.283,30.679000000000002,26.592,53.56812348308918,46.431876516910826
2024-09-16T16:00:00,2024-09-16T16:00:00,4.567,367.038,5.513,2.94,8.826,9.697,2.387,0.41,7.802,26.834,61.954,20519.123,2.072,11.691,29.072000000000003,26.833000000000002,52.002504248278335,47.99749575172167
2024-09-16T17:00:00,2024-09-16T17:00:00,4.556,388.067,5.962,3.188,9.106,9.855,2.474,1.212,4.473,28.608,60.614,21380.868,2.315,11.956,26.488,28.609,48.075212806504894,51.92478719349511
2024-09-16T18:00:00,2024-09-16T18:00:00,4.523,404.818,6.162,3.041,9.416,10.233,2.557,2.486,1.575,30.854,59.948,22158.793,2.834,11.911,23.884,30.854,43.6333077569513,56.366692243048696
2024-09-16T19:00:00,2024-09-16T19:00:00,4.471,413.443,6.237,3.104,9.37,10.363,2.564,1.775,0.127,30.308,59.851,22233.037,3.446,12.319,23.467,30.308999999999997,43.638426063671524,56.36157393632847
2024-09-16T20:00:00,2024-09-16T20:00:00,4.405,406.094,6.177,2.825,8.987,10.148,2.553,0.862,0,28.727,58.954,21672.492,4.229,13.183,24.642,28.726999999999997,46.17287189192227,53.827128108077716
2024-09-16T21:00:00,2024-09-16T21:00:00,4.335,402.481,5.776,2.965,8.97,10.141,2.405,0.405,0,27.697,55.209,21077.72,4.002,13.371,24.673000000000002,27.697000000000003,47.11285086881802,52.88714913118198
2024-09-16T22:00:00,2024-09-16T22:00:00,4.29,403.655,5.484,2.968,8.935,9.896,2.363,0.224,0,26.903,52.502,20635.177,3.803,13.157,24.218,26.902,47.37480438184663,52.62519561815336
2024-09-16T23:00:00,2024-09-16T23:00:00,4.264,407.034,4.943,2.709,8.972,8.363,2.284,0.11,0,24.673,49.17,19511.655,3.503,12.787,23.263,24.671999999999997,48.53030144988005,51.46969855011994
2024-09-17T00:00:00,2024-09-17T00:00:00,4.284,409.259,4.407,2.743,8.988,7.919,2.252,0.13,0,23.696,46.041,18849.547,3.337,11.997,22.360999999999997,23.695999999999998,48.55070890418394,51.44929109581605
2024-09-17T01:00:00,2024-09-17T01:00:00,4.328,415.553,4.164,2.621,9.073,7.88,2.252,0.028,0,23.397,47.005,18721.125,3.009,11.696,21.654,23.397,48.0655257374975,51.9344742625025
2024-09-17T02:00:00,2024-09-17T02:00:00,4.405,419.348,4.01,2.568,9.125,7.824,2.252,0.047,0,23.258,47.298,18625.899,2.737,11.449,21.159,23.258,47.637165949974104,52.36283405002589
2024-09-17T03:00:00,2024-09-17T03:00:00,4.459,421.622,3.98,2.489,9.138,7.715,2.254,0.012,0,23.099,47.44,18576.909,2.804,11.21,20.962,23.099,47.57495290619823,52.42504709380178
2024-09-17T04:00:00,2024-09-17T04:00:00,4.446,426.638,4.302,2.511,9.177,8.023,2.274,0.028,0,23.805,47.71,19039.207,2.654,11.211,20.822000000000003,23.804,46.65889840003585,53.341101599964134
2024-09-17T05:00:00,2024-09-17T05:00:00,4.432,434.088,5.002,2.544,9.223,8.438,2.352,0.106,0,25.121,49.033,19959.142,2.522,11.36,20.858,25.121000000000006,45.36418799886904,54.63581200113096
2024-09-17T06:00:00,2024-09-17T06:00:00,4.427,427.912,5.675,2.946,9.273,9.181,2.41,0.807,0.025,27.346,55.2,20955.364,2.355,11.873,21.625999999999998,27.345999999999997,44.15992812219227,55.84007187780773
2024-09-17T07:00:00,2024-09-17T07:00:00,4.442,407.103,5.771,3.275,9.274,9.545,2.542,1.802,0.939,28.935,58.903,21367.58,2.6,12.295,23.551000000000002,28.933999999999997,44.87186815280557,55.128131847194425
2024-09-17T08:00:00,2024-09-17T08:00:00,4.375,394.003,5.771,3.009,9.266,9.661,2.813,1.789,4.319,29.302,61.77,21599.381,2.469,11.347,25.519,29.3,46.551378171801744,53.44862182819825
2024-09-17T09:00:00,2024-09-17T09:00:00,4.341,367.906,5.725,3.049,9.275,9.233,2.909,0.895,9.669,28.037,64.505,21313.517,2.341,10.495,29.895000000000003,28.037,51.60360422564386,48.39639577435614
2024-09-17T10:00:00,2024-09-17T10:00:00,4.311,334.931,4.635,2.744,9.21,8.63,2.938,0.441,14.806,25.854,66.355,20006.562,1.991,10.028,33.879999999999995,25.854,56.718116985301506,43.281883014698494
2024-09-17T11:00:00,2024-09-17T11:00:00,4.327,296.82,3.293,2.894,9.075,7.919,2.762,0.397,19.696,23.447,67.77,18335.603,1.809,9.601,38.327000000000005,23.445999999999998,62.04490635067101,37.955093649328994
2024-09-17T12:00:00,2024-09-17T12:00:00,4.365,245.24,2.686,2.719,7.466,7.062,2.657,0.097,26.006,19.968,69.715,15686.599,1.817,9.09,43.997,19.968000000000004,68.7829281638396,31.217071836160404
2024-09-17T13:00:00,2024-09-17T13:00:00,4.403,209.172,2.22,2.583,6.254,6.437,2.728,0.034,30.768,17.673,69.269,13800.456,1.748,8.802,48.303999999999995,17.673000000000002,73.21339254588719,26.786607454112797
2024-09-17T14:00:00,2024-09-17T14:00:00,4.456,195.174,2.215,2.511,5.566,6.277,2.659,0.003,31.952,16.72,68.165,12952.393,1.782,8.943,49.644000000000005,16.72,74.80561750346574,25.194382496534264
2024-09-17T15:00:00,2024-09-17T15:00:00,4.473,206.946,2.414,2.582,5.862,6.291,2.647,0.006,29.287,17.219,66.662,13424.433,1.667,9.641,47.65,17.22,73.45460151071373,26.54539848928626
2024-09-17T16:00:00,2024-09-17T16:00:00,4.529,254.09,2.778,2.558,7.653,6.513,2.648,0.039,22.236,19.632,65.223,15742.487,2.448,10.554,42.325,19.631,68.31461036864872,31.685389631351278
2024-09-17T17:00:00,2024-09-17T17:00:00,4.535,327.79,4.146,2.72,9.079,6.931,2.927,0.592,12.793,23.675,61.817,18807.381,2.504,11.15,33.702000000000005,23.675,58.73782177527581,41.26217822472419
2024-09-17T18:00:00,2024-09-17T18:00:00,4.509,393.497,5.382,2.872,9.298,8.073,3.031,1.786,4.031,27.571,59.866,20777.963,2.707,11.113,25.232,27.57,47.786068709518574,52.21393129048142
2024-09-17T19:00:00,2024-09-17T19:00:00,4.49,404.681,5.49,2.795,9.281,8.372,2.933,2.563,0.21,28.638,59.069,20935.473,2.898,12.702,23.095,28.639,44.64182162600998,55.35817837399003
2024-09-17T20:00:00,2024-09-17T20:00:00,4.442,395.18,5.36,2.812,9.334,8.216,2.559,1.531,0,27,58.325,20552.326,2.936,14.817,25.006999999999998,26.999999999999996,48.083911781106394,51.916088218893606
2024-09-17T21:00:00,2024-09-17T21:00:00,4.379,396.423,4.913,2.607,9.32,7.798,2.315,0.461,0,24.808,54.116,19688.984,2.905,14.967,24.858,24.807,50.05134400483237,49.94865599516763
2024-09-17T22:00:00,2024-09-17T22:00:00,4.319,401.33,4.555,2.633,9.285,7.597,2.288,0.312,0,24.037,50.362,19228.576,2.803,14.12,23.875,24.037000000000003,49.83094005677074,50.16905994322926
2024-09-17T23:00:00,2024-09-17T23:00:00,4.299,416.178,4.267,2.596,9.297,7.188,2.284,0.164,0,23.2,48.16,18837.972,2.311,12.858,22.064,23.2,48.7451396253093,51.2548603746907
2024-09-18T00:00:00,2024-09-18T00:00:00,4.325,426.897,4.119,2.47,9.323,7.148,2.29,0.045,0,22.925,46.029,18724.352,2.063,12.079,20.937,22.925,47.7338014682413,52.266198531758704
2024-09-18T01:00:00,2024-09-18T01:00:00,4.363,437.335,4.225,2.483,9.405,7.173,2.293,0.001,0,23.097,46.347,18919.596,1.666,11.652,20.164,23.096999999999998,46.61011072328426,53.38988927671575
2024-09-18T02:00:00,2024-09-18T02:00:00,4.407,444.005,4.039,2.504,9.493,7.038,2.287,0.001,0,22.858,45.789,18794.095,1.383,11.177,19.471,22.858,45.999196768173114,54.00080323182688
2024-09-18T03:00:00,2024-09-18T03:00:00,4.443,452.029,4.084,2.502,9.596,7.298,2.289,0.001,0,23.268,45.836,19044.096,1.148,10.77,18.863,23.268000000000004,44.77225795732359,55.22774204267642
2024-09-18T04:00:00,2024-09-18T04:00:00,4.473,461.148,4.386,2.541,9.618,7.471,2.279,0.056,0,23.81,45.314,19372.039,1.129,10.055,18.198,23.810000000000002,43.320319939059225,56.679680060940775
2024-09-18T05:00:00,2024-09-18T05:00:00,4.474,466.651,4.98,2.637,9.627,8.391,2.306,0.287,0,25.591,47.389,20275.048,1.238,9.506,17.855,25.591,41.09699396952539,58.903006030474614
2024-09-18T06:00:00,2024-09-18T06:00:00,4.473,465.511,5.719,2.747,9.669,9.305,2.449,0.815,0.024,27.957,54.692,21516.229,1.466,9.555,18.265,27.957000000000004,39.51581497987971,60.484185020120286
2024-09-18T07:00:00,2024-09-18T07:00:00,4.473,436.251,5.943,3.208,9.637,9.731,2.502,1.955,1.495,29.768,57.846,21917.239,1.593,9.704,20.473,29.768,40.7495869907048,59.2504130092952
2024-09-18T08:00:00,2024-09-18T08:00:00,4.428,402.77,6.065,3.026,9.624,9.708,2.417,1.696,7.084,29.51,61.549,22007.09,1.481,9.111,25.130000000000003,29.51,45.99194729136165,54.00805270863837
2024-09-18T09:00:00,2024-09-18T09:00:00,4.388,357.046,5.531,3.114,9.648,9.342,2.388,1.127,14.988,28.037,64.974,21399.277,1.328,8.079,31.897,28.035999999999998,53.22109689152887,46.77890310847113
2024-09-18T10:00:00,2024-09-18T10:00:00,4.373,297.283,4.274,2.775,9.271,7.517,2.26,0.304,24.209,23.626,69.135,19003.98,1.325,7.618,40.300000000000004,23.626,63.04164189844508,36.95835810155492
2024-09-18T11:00:00,2024-09-18T11:00:00,4.383,225.582,2.588,2.65,7.83,6.504,2.229,0.243,33.621,19.393,71.079,15563.089,1.25,7.693,49.597,19.393999999999995,71.88908698236001,28.110913017639977
2024-09-18T12:00:00,2024-09-18T12:00:00,4.413,170.126,2.106,2.488,5.302,6.254,2.182,0.101,40.736,15.945,72.345,12307.382,1.24,7.52,56.397000000000006,15.945,77.95886207182548,22.0411379281745
2024-09-18T13:00:00,2024-09-18T13:00:00,4.449,162.553,2.061,2.372,5.063,6.218,2.131,0.023,42.265,15.496,72.418,11949.268,1.106,7.823,58.015,15.495999999999999,78.92016160846677,21.07983839153324
2024-09-18T14:00:00,2024-09-18T14:00:00,4.505,163.49,2.019,2.577,5.06,6.114,2.252,0.007,40.17,15.451,70.608,11950.516,0.892,9.501,57.645,15.452,78.86096556630231,21.139034433697688
2024-09-18T15:00:00,2024-09-18T15:00:00,4.526,172.507,1.909,2.709,5.102,5.972,2.361,0.01,34.156,15.354,65.858,11905.69,0.702,11.569,53.662,15.354000000000001,77.75298481511534,22.247015184884663
2024-09-18T16:00:00,2024-09-18T16:00:00,4.56,209.519,2.028,2.694,6.088,6.238,2.684,0.055,25.168,17.093,63.759,13357.428,1.04,13.198,46.66,17.093,73.18871268803036,26.811287311969632
2024-09-18T17:00:00,2024-09-18T17:00:00,4.58,290.868,2.891,2.833,8.415,6.892,2.9,0.634,14.203,21.733,60.894,17015.262,1.169,13.98,36.765,21.732,62.849376891122624,37.150623108877376
2024-09-18T18:00:00,2024-09-18T18:00:00,4.578,362.257,3.936,3.209,9.305,8.332,2.897,2.003,4.337,26.474,57.87,19598.223,1.641,13.861,27.626,26.473,51.06563892123699,48.934361078763004
2024-09-18T19:00:00,2024-09-18T19:00:00,4.559,373.671,4.022,3.117,9.382,8.572,2.605,2.537,0.215,27.117,57.488,19746.141,1.471,16.364,25.726,27.118,48.68291575202483,51.317084247975174
2024-09-18T20:00:00,2024-09-18T20:00:00,4.507,366.968,4.063,2.777,9.394,8.152,2.61,1.236,0,25.455,58.043,19642.79,1.624,19.164,28.072000000000003,25.455000000000002,52.444560688998074,47.555439311001926
2024-09-18T21:00:00,2024-09-18T21:00:00,4.445,357.194,3.689,2.682,9.423,7.718,2.367,0.32,0,23.517,54.554,18807.171,1.988,20.021,29.136000000000003,23.517,55.3358782975329,44.66412170246709
2024-09-18T22:00:00,2024-09-18T22:00:00,4.358,361.716,3.137,2.661,9.485,7.241,2.29,0.073,0,22.226,50.863,18106.127,2.008,18.803,27.830000000000002,22.226,55.5977305417932,44.40226945820681
2024-09-18T23:00:00,2024-09-18T23:00:00,4.327,369.716,2.582,2.624,9.506,6.696,2.286,0.071,0,21.14,48.36,17446.382,1.652,17.445,26.048000000000002,21.141000000000002,55.19930492275742,44.80069507724257
2024-09-19T00:00:00,2024-09-19T00:00:00,4.345,378.936,2.097,2.578,9.487,6.772,2.247,0.058,0,20.66,46.355,16980.217,1.375,15.851,24.149,20.661,53.89198839544744,46.10801160455256
2024-09-19T01:00:00,2024-09-19T01:00:00,4.403,389.733,1.665,2.531,9.463,6.469,2.228,0.011,0,19.836,45.83,16445.605,1.185,14.242,22.361,19.836000000000002,52.99191885679077,47.00808114320923
2024-09-19T02:00:00,2024-09-19T02:00:00,4.44,403.676,1.864,2.528,9.472,6.515,2.218,0.022,0,20.092,45.509,16624.612,1.075,13.048,21.091,20.090999999999998,51.21412267495508,48.785877325044915
2024-09-19T03:00:00,2024-09-19T03:00:00,4.46,417.56,2.314,2.494,9.49,6.582,2.222,0.042,0,20.65,43.676,17055.034,1.185,12.055,20.194000000000003,20.650000000000002,49.44177847419449,50.5582215258055
2024-09-19T04:00:00,2024-09-19T04:00:00,4.535,419.508,2.518,2.538,9.513,6.855,2.221,0.058,0,21.165,45.1,17352.977,1.442,11.685,20.200000000000003,21.165,48.833554937749305,51.16644506225069
2024-09-19T05:00:00,2024-09-19T05:00:00,4.589,422.929,2.974,2.796,9.561,7.656,2.296,0.275,0,22.762,47.515,18213.281,1.533,11.384,20.302,22.761999999999997,47.14378599294074,52.856214007059265
2024-09-19T06:00:00,2024-09-19T06:00:00,4.597,409.772,3.471,3.214,9.545,8.53,2.511,1.92,0.019,25.977,53.526,19288.21,1.626,11.637,21.093,25.976999999999997,44.81198215423837,55.18801784576163
2024-09-19T07:00:00,2024-09-19T07:00:00,4.591,389.675,3.675,3.397,9.52,8.719,2.534,2.578,1.688,27.026,58.028,19541.251,1.634,11.812,23.122,27.026,46.107521735662445,53.89247826433756
2024-09-19T08:00:00,2024-09-19T08:00:00,4.524,355.469,3.789,2.874,9.274,8.717,3.021,1.879,8.403,26.68,62.07,19667.775,1.746,11.103,28.65,26.680000000000003,51.780227724561726,48.21977227543829
2024-09-19T09:00:00,2024-09-19T09:00:00,4.453,305.259,3.499,2.964,8.673,7.912,3.162,1.262,17.508,24.508,64.64,18553.821,1.744,9.603,36.272,24.508,59.677525501809804,40.32247449819019
2024-09-19T10:00:00,2024-09-19T10:00:00,4.412,253.668,2.542,2.779,8.206,6.617,2.989,0.413,26.897,20.767,68.214,16525.19,1.683,8.608,44.379000000000005,20.767,68.12237128910448,31.87762871089553
2024-09-19T11:00:00,2024-09-19T11:00:00,4.406,199.368,2.302,2.708,6.469,6.16,2.834,0.154,34.953,17.919,71.273,14038.99,1.476,8.954,52.497,17.919,74.55265848670757,25.447341513292436
2024-09-19T12:00:00,2024-09-19T12:00:00,4.446,165.465,2.186,2.576,5.057,6.022,2.827,0.015,40.246,16.107,71.885,12342.105,1.228,9.987,58.483000000000004,16.107,78.40595254055503,21.594047459444965
2024-09-19T13:00:00,2024-09-19T13:00:00,4.481,157.127,2.041,2.53,4.839,6.045,2.812,0.008,41.157,15.745,72.578,11987.775,1.219,11.162,60.54899999999999,15.745,79.36272839279627,20.63727160720371
2024-09-19T14:00:00,2024-09-19T14:00:00,4.516,154.064,1.815,2.512,4.802,6.072,2.286,0.002,38.131,14.979,69.638,11459.324,1.579,12.664,59.402,14.977,79.86394009061696,20.136059909383025
2024-09-19T15:00:00,2024-09-19T15:00:00,4.56,159.789,1.57,2.537,4.833,6.071,2.18,0.001,32.235,14.655,66.253,11233.115,1.811,14.501,55.644,14.655,79.15333077284173,20.846669227158284
2024-09-19T16:00:00,2024-09-19T16:00:00,4.62,186.81,1.551,2.524,5.392,6.335,2.165,0.033,23.689,15.474,63.734,11901.111,2.119,15.281,48.233,15.476,75.70829867051751,24.291701329482493
2024-09-19T17:00:00,2024-09-19T17:00:00,4.649,269.244,2.129,2.743,8.503,6.99,2.169,0.558,13.243,20.349,60.147,15971.927,2.629,15.709,38.973,20.349,65.69738039850309,34.302619601496914
2024-09-19T18:00:00,2024-09-19T18:00:00,4.653,336.24,2.71,2.869,9.401,7.998,2.383,1.706,3.885,24.198,58.154,18128.084,2.861,15.449,29.717,24.198,55.11824167671334,44.88175832328666
2024-09-19T19:00:00,2024-09-19T19:00:00,4.607,350.635,2.744,2.887,9.447,8.374,2.514,2.328,0.157,25.408,56.73,18557.4,3.031,16.836,27.518,25.406999999999996,51.99433160132263,48.00566839867737
2024-09-19T20:00:00,2024-09-19T20:00:00,4.511,340.106,2.726,2.674,9.425,8.219,2.516,1.525,0,24.41,56.085,18461.948,3.401,19.288,29.874000000000002,24.410999999999994,55.0317767339044,44.9682232660956
2024-09-19T21:00:00,2024-09-19T21:00:00,4.427,337.416,2.459,2.578,9.466,7.648,2.325,0.6,0,22.498,52.962,17761.298,3.502,19.635,30.142,22.498,57.26063829787233,42.73936170212766
2024-09-19T22:00:00,2024-09-19T22:00:00,4.359,348.279,2.258,2.524,9.587,7.493,2.246,0.189,0,21.774,50.221,17537.906,3.251,18.449,28.583000000000002,21.773,56.76185558821193,43.23814441178806
2024-09-19T23:00:00,2024-09-19T23:00:00,4.319,345.306,1.775,2.491,9.148,7.051,2.227,0.117,0,20.318,48.119,16460.885,2.82,17.723,27.353,20.318,57.37869983847622,42.62130016152377
2024-09-20T00:00:00,2024-09-20T00:00:00,4.201,344.384,1.619,2.485,8.576,6.781,2.231,0.081,0,19.287,45.899,15572.371,2.704,16.541,25.931,19.288,57.345363674561575,42.654636325438425
2024-09-20T01:00:00,2024-09-20T01:00:00,4.317,339.673,1.459,2.458,8.225,6.752,2.188,0.002,0,18.627,45.776,15037.966,2.707,16.163,25.645,18.625999999999998,57.927311332474986,42.07268866752501
2024-09-20T02:00:00,2024-09-20T02:00:00,4.44,330.738,1.43,2.498,7.74,6.762,2.162,0,0,18.095,45.479,14454.147,2.575,16.095,25.608,18.093999999999998,58.59686055558099,41.40313944441902
2024-09-20T03:00:00,2024-09-20T03:00:00,4.534,336.103,1.425,2.473,8.052,6.753,2.159,0.001,0,18.39,45.623,14776.403,2.691,15.876,25.573999999999998,18.39,58.17032117186789,41.82967882813211
2024-09-20T04:00:00,2024-09-20T04:00:00,4.63,343.337,1.431,2.474,8.351,6.762,2.156,0.007,0,18.706,46.043,15100.592,2.688,15.484,25.276,18.707,57.46765795875679,42.532342041243204
2024-09-20T05:00:00,2024-09-20T05:00:00,4.675,360.331,2.035,2.466,8.758,6.859,2.186,0.257,0,20.096,47.141,16138.487,2.423,15.128,24.692,20.095000000000002,55.13206957376023,44.86793042623975
2024-09-20T06:00:00,2024-09-20T06:00:00,4.678,359.992,2.957,2.543,8.697,7.225,2.268,1.54,0.016,22.687,52.725,17135.773,2.522,15.154,24.913,22.686999999999998,52.33823529411765,47.661764705882355
2024-09-20T07:00:00,2024-09-20T07:00:00,4.649,338.652,3.079,2.557,8.58,7.373,2.262,2.069,2.117,23.361,57.147,17157.735,2.725,15.257,27.305,23.363,53.89002920975764,46.10997079024236
2024-09-20T08:00:00,2024-09-20T08:00:00,4.568,303.061,3.075,2.636,8.446,7.295,2.287,1.55,10.684,22.653,60.736,17001.518,2.657,12.902,33.446999999999996,22.653000000000002,59.62032085561497,40.37967914438504
2024-09-20T09:00:00,2024-09-20T09:00:00,4.495,253.169,2.394,2.592,7.681,6.994,2.388,0.629,22.491,20.087,65.005,15575.844,2.669,9.19,41.437,20.086000000000002,67.35204720185946,32.64795279814054
2024-09-20T10:00:00,2024-09-20T10:00:00,4.449,195.482,1.983,2.597,6.106,6.357,2.276,0.086,33.313,16.808,69.759,13117.007,2.585,7.348,50.292,16.808,74.95081967213115,25.049180327868854
2024-09-20T11:00:00,2024-09-20T11:00:00,4.451,158.326,1.959,2.61,4.867,6.091,2.167,0.003,41.04,15.087,71.717,11574.586,2.507,7.412,58.019999999999996,15.087000000000002,79.36312528212073,20.636874717879277
2024-09-20T12:00:00,2024-09-20T12:00:00,4.49,143.452,1.928,2.54,4.698,6.046,2.113,0.024,44.813,14.809,71.656,11315.416,2.592,9.635,64.07000000000001,14.809,81.22567476768215,18.77432523231785
2024-09-20T13:00:00,2024-09-20T13:00:00,4.536,140.856,1.918,2.594,4.492,6.111,2.137,0.027,44.589,14.685,70.239,11128.998,2.391,10.215,64.32499999999999,14.685,81.41374509555752,18.586254904442477
2024-09-20T14:00:00,2024-09-20T14:00:00,4.597,136.688,1.517,2.685,4.347,5.956,2.166,0.031,41.757,14.016,66.946,10590.582,2.371,12.054,63.464000000000006,14.017000000000001,81.90911320194628,18.090886798053717
2024-09-20T15:00:00,2024-09-20T15:00:00,4.636,144.922,1.391,2.556,4.358,6.061,2.165,0.075,35.498,14.05,66.16,10534.973,2.78,13.173,58.643,14.049999999999997,80.67214174679819,19.327858253201818
2024-09-20T16:00:00,2024-09-20T16:00:00,4.696,170.35,1.599,2.695,4.654,6.244,2.165,0.065,26.186,14.728,63.566,11098.023,3.283,13.56,50.42,14.726999999999999,77.39420080740479,22.605799192595203
2024-09-20T17:00:00,2024-09-20T17:00:00,4.688,240.945,1.772,2.692,6.583,6.572,2.307,0.786,14.529,18.02,58.097,13678.998,3.66,13.183,38.751999999999995,18.02,68.25900091594448,31.740999084055527
2024-09-20T18:00:00,2024-09-20T18:00:00,4.668,320.273,1.933,3.141,7.957,7.476,2.452,2.264,4.05,22.082,54.966,15863.503,4.159,11.432,27.450000000000003,22.081999999999997,55.41871921182266,44.58128078817734
2024-09-20T19:00:00,2024-09-20T19:00:00,4.642,332.467,2.026,2.939,8.226,7.792,2.473,2.44,0.135,22.957,55.457,16384.375,4.715,13.894,26.325000000000003,22.957,53.417069112454854,46.582930887545146
2024-09-20T20:00:00,2024-09-20T20:00:00,4.563,313.759,1.766,2.638,8.042,7.517,2.491,1.357,0,21.173,53.957,15891.936,4.714,17.562,29.477,21.173,58.19743336623889,41.8025666337611
2024-09-20T21:00:00,2024-09-20T21:00:00,4.473,294.52,1.23,2.703,7.624,7.311,2.416,0.658,0,19.24,51.688,14794.151,4.768,19.048,30.991999999999997,19.239,61.698950847086465,38.30104915291355
2024-09-20T22:00:00,2024-09-20T22:00:00,4.386,290.921,1.032,2.727,7.347,6.874,2.248,0.369,0,17.871,48.547,13896.658,4.362,18.422,29.897,17.87,62.589235246090404,37.41076475390961
2024-09-20T23:00:00,2024-09-20T23:00:00,4.359,305.619,1.007,2.599,7.426,6.664,2.174,0.232,0,17.501,45.312,13761.354,3.857,16.712,27.527,17.503,61.13035753941817,38.86964246058183
2024-09-21T00:00:00,2024-09-21T00:00:00,4.367,338.531,0.983,2.689,8.194,6.515,2.183,0.055,0,17.931,42.336,14518.077,3.054,14.844,24.954,17.93,58.18953455834344,41.81046544165656
2024-09-21T01:00:00,2024-09-21T01:00:00,4.384,363.046,0.971,2.546,8.424,6.395,2.193,0.074,0,18.056,41.069,14724.82,2.515,13.059,22.503999999999998,18.057000000000002,55.48186681787924,44.51813318212076
2024-09-21T02:00:00,2024-09-21T02:00:00,4.457,382.206,0.973,2.495,8.376,6.327,2.162,0.115,0,17.953,39.58,14614.689,2.083,11.25,20.285,17.953,53.04932266331921,46.95067733668078
2024-09-21T03:00:00,2024-09-21T03:00:00,4.54,394.45,0.976,2.57,8.437,6.339,2.154,0.456,0,18.361,39.054,14687.756,1.927,9.837,18.874,18.362,50.68750671393275,49.312493286067244
2024-09-21T04:00:00,2024-09-21T04:00:00,4.63,406.749,0.965,2.529,8.47,6.342,2.253,0.456,0,18.486,39.571,14872.776,1.906,9.014,18.079,18.486,49.443456857650766,50.55654314234924
2024-09-21T05:00:00,2024-09-21T05:00:00,4.683,406.094,1.001,2.584,8.45,6.339,2.275,0.683,0,18.749,40.432,14895.353,1.997,8.667,17.930999999999997,18.747999999999998,48.8862837045721,51.1137162954279
2024-09-21T06:00:00,2024-09-21T06:00:00,4.669,400.49,1.103,2.531,8.446,6.361,2.263,1.065,0.015,19.237,41.686,14964.869,2.225,8.689,18.128999999999998,19.238000000000003,48.51607032943505,51.48392967056494
2024-09-21T07:00:00,2024-09-21T07:00:00,4.628,375.206,1.11,2.548,8.442,6.387,2.278,1.558,2.037,19.775,43.78,15000.957,2.146,8.847,20.206000000000003,19.775,50.539006027863245,49.460993972136755
2024-09-21T08:00:00,2024-09-21T08:00:00,4.557,312.095,1.026,2.513,7.939,6.272,2.214,0.479,11.009,17.929,50.19,14244.282,2.055,7.578,27.712,17.93,60.71600718636344,39.283992813636566
2024-09-21T09:00:00,2024-09-21T09:00:00,4.502,234.985,0.989,2.59,6.082,6.143,2.541,0.06,23.197,15.814,56.471,12328.208,1.876,4.485,36.65,15.815,69.85609453921661,30.143905460783383
2024-09-21T10:00:00,2024-09-21T10:00:00,4.447,179.076,0.984,2.546,4.36,5.785,2.807,0.228,33.759,14.163,60.156,10507.112,1.589,2.17,44.511,14.164000000000001,75.86024712398807,24.13975287601193
2024-09-21T11:00:00,2024-09-21T11:00:00,4.423,156.733,0.971,2.336,4.291,5.713,2.399,0.033,40.829,13.407,61.502,10134.478,1.295,2.371,51.254000000000005,13.407000000000002,79.26570885077558,20.73429114922442
2024-09-21T12:00:00,2024-09-21T12:00:00,4.481,144.401,0.962,2.274,4.196,5.734,2.132,0.002,44.248,13.025,61.455,9877.536,1.116,3.261,55.38,13.026,80.95781071835803,19.042189281641956
2024-09-21T13:00:00,2024-09-21T13:00:00,4.543,139.881,0.944,2.252,4.015,5.761,2.129,0.001,44.383,12.85,59.29,9675.135,1,4.139,56.31700000000001,12.849999999999998,81.42177628059625,18.57822371940376
2024-09-21T14:00:00,2024-09-21T14:00:00,4.601,146.933,0.963,2.253,4.033,5.782,2.124,0.002,41.349,12.904,58.283,9717.072,0.986,4.038,53.22699999999999,12.904000000000002,80.48721477068244,19.512785229317572
2024-09-21T15:00:00,2024-09-21T15:00:00,4.648,163.597,1.06,2.378,4.145,5.84,2.127,0.015,35.351,13.186,55.469,9944.689,1.134,4.09,47.601,13.187000000000001,78.30657366585511,21.6934263341449
2024-09-21T16:00:00,2024-09-21T16:00:00,4.692,202.759,1.091,2.533,4.732,6.094,2.132,0.032,26.406,14.08,53.108,10706.633,1.129,3.963,38.723,14.081000000000001,73.33345958639497,26.666540413605034
2024-09-21T17:00:00,2024-09-21T17:00:00,4.689,317.668,1.32,2.681,7.566,6.96,2.263,0.754,14.455,18.863,50.187,14458.522,1.093,3.734,26.652,18.863000000000003,58.55651982862793,41.44348017137208
2024-09-21T18:00:00,2024-09-21T18:00:00,4.663,409.297,1.903,3.084,8.041,7.943,2.415,2.203,3.845,22.505,47.571,16075.046,1.277,3.9,16.769,22.505,42.697458878647446,57.30254112135255
2024-09-21T19:00:00,2024-09-21T19:00:00,4.614,426.965,2.255,3.071,8.329,8.25,2.477,2.845,0.106,24.155,47.144,16894.822,1.71,5.913,15.414000000000001,24.156,38.95375284306293,61.04624715693707
2024-09-21T20:00:00,2024-09-21T20:00:00,4.529,414.507,2.283,2.818,8.456,8.129,2.488,1.879,0,23.235,46.737,17028.304,1.947,8.552,17.846,23.235,43.441006791460765,56.55899320853922
2024-09-21T21:00:00,2024-09-21T21:00:00,4.456,406.393,1.953,2.656,8.507,7.737,2.402,1.311,0,21.91,44.145,16517.611,2.008,9.615,18.735,21.91,46.094230532660845,53.90576946733916
2024-09-21T22:00:00,2024-09-21T22:00:00,4.323,414.72,1.719,2.607,8.556,6.803,2.374,0.93,0,20.381,42.188,15957.07,2.054,9.113,18.097,20.381999999999998,47.03084799501027,52.96915200498973
2024-09-21T23:00:00,2024-09-21T23:00:00,4.373,429.662,1.502,2.482,8.517,6.548,2.319,0.387,0,19.272,41.268,15517.006,1.883,8.104,16.842,19.273,46.634362453274264,53.36563754672574
2024-09-22T00:00:00,2024-09-22T00:00:00,4.4,448.039,1.256,2.65,8.467,6.47,2.27,0.181,0,18.644,39.112,15212.801,1.528,6.732,15.310000000000002,18.644000000000002,45.09041644577958,54.90958355422041
2024-09-22T01:00:00,2024-09-22T01:00:00,4.43,461.415,1.212,2.691,8.319,6.676,2.297,0.295,0,18.799,38.689,15096.602,1.229,5.569,13.919,18.799000000000003,42.54233143835198,57.45766856164802
2024-09-22T02:00:00,2024-09-22T02:00:00,4.493,478.95,1.203,2.731,8.334,6.661,2.336,0.337,0,18.871,38.252,15161.57,0.952,4.609,12.785,18.871,40.38728834975992,59.61271165024008
2024-09-22T03:00:00,2024-09-22T03:00:00,4.585,494.168,1.195,2.606,8.353,6.604,2.334,0.249,0,18.735,37.87,15150.581,0.715,4.018,11.924,18.735,38.89233177859682,61.10766822140318
2024-09-22T04:00:00,2024-09-22T04:00:00,4.649,500.976,1.221,2.726,8.377,6.607,2.331,0.328,0,18.864,37.844,15193.662,0.574,3.516,11.465,18.864,37.80210359721718,62.19789640278282
2024-09-22T05:00:00,2024-09-22T05:00:00,4.702,504.811,1.344,2.754,8.389,6.696,2.415,0.42,0,19.264,38.52,15456.46,0.546,3.352,11.354,19.264,37.0827617741198,62.9172382258802
2024-09-22T06:00:00,2024-09-22T06:00:00,4.735,499.444,1.36,2.872,8.369,6.658,2.417,0.71,0.007,19.515,38.994,15437.69,0.476,3.306,11.396,19.514000000000003,36.86832740213523,63.13167259786477
2024-09-22T07:00:00,2024-09-22T07:00:00,4.677,465.582,1.331,3.167,8.433,6.617,2.45,1.056,1.903,19.887,40.612,15519.458,0.44,3.26,13.447,19.887,40.34019319613607,59.659806803863916
2024-09-22T08:00:00,2024-09-22T08:00:00,4.562,379.802,1.266,2.781,8.154,6.53,2.408,0.386,10.222,18.745,46.903,15064.845,0.418,2.937,20.919999999999998,18.744,52.74304154901169,47.2569584509883
2024-09-22T09:00:00,2024-09-22T09:00:00,4.474,282.453,1.151,2.475,6.809,6.121,2.284,0.072,21.222,16.437,52.428,13170.997,0.337,1.685,30.192999999999998,16.436999999999998,64.75016084066053,35.24983915933948
2024-09-22T10:00:00,2024-09-22T10:00:00,4.429,222.174,1.124,2.305,5.861,5.976,2.273,0.065,31.319,15.3,57.852,12077.151,0.372,0.634,39.059,15.298999999999998,71.85510872364694,28.14489127635306
2024-09-22T11:00:00,2024-09-22T11:00:00,4.436,188.717,1.122,2.237,5.151,5.961,2.303,0.034,38.06,14.572,59.333,11371.125,0.358,0.592,45.683,14.571,75.81737312045674,24.182626879543268
2024-09-22T12:00:00,2024-09-22T12:00:00,4.473,175.689,1.11,2.063,4.915,5.974,2.3,0.002,41.139,14.301,59.856,11106.778,0.33,0.913,48.918,14.301,77.378636169506,22.621363830493994
2024-09-22T13:00:00,2024-09-22T13:00:00,4.526,173.114,1.1,1.977,4.709,5.869,2.207,0.001,39.91,13.887,57.836,10669.688,0.29,1.044,47.74699999999999,13.885999999999997,77.46986192461831,22.530138075381696
2024-09-22T14:00:00,2024-09-22T14:00:00,4.588,186.081,1.225,1.967,4.64,5.863,2.179,0.003,35.739,13.911,54.531,10682.333,0.274,0.928,43.495999999999995,13.910000000000002,75.76908337107618,24.23091662892381
2024-09-22T15:00:00,2024-09-22T15:00:00,4.63,233.327,1.625,2.017,5.635,5.985,2.18,0.016,28.893,15.442,52.89,12143.35,0.277,0.785,36.602,15.441,70.33030378725284,29.669696212747155
2024-09-22T16:00:00,2024-09-22T16:00:00,4.679,324.443,2.461,2.449,7.643,6.423,2.234,0.047,20.052,18.808,50.926,15256.968,0.276,0.76,28.216,18.808000000000003,60.00340251786322,39.996597482136785
2024-09-22T17:00:00,2024-09-22T17:00:00,4.676,439.02,3.623,2.843,9.213,7.946,2.428,0.802,10.169,24.011,48.444,18766.908,0.267,0.782,18.737000000000002,24.011999999999997,43.83026503543944,56.16973496456057
2024-09-22T18:00:00,2024-09-22T18:00:00,4.667,536.191,4.874,2.868,9.98,9.149,2.51,1.735,2.529,28.247,48.76,21215.573,0.308,0.948,11.32,28.247999999999998,28.608976951071575,71.39102304892843
2024-09-22T19:00:00,2024-09-22T19:00:00,4.631,545.115,5.228,3.25,10.08,9.189,2.53,2.802,0.049,29.829,48.053,21643.682,0.325,1.621,9.876000000000001,29.829,24.873441632036272,75.12655836796374
2024-09-22T20:00:00,2024-09-22T20:00:00,4.563,549.578,5.331,3.207,10.09,9.187,2.536,1.958,0,29.102,47.967,21749.644,0.391,2.312,10.472999999999999,29.101999999999997,26.46367656348705,73.53632343651296
2024-09-22T21:00:00,2024-09-22T21:00:00,4.49,564.924,5.287,2.739,10.07,8.603,2.531,0.915,0,27.406,45.919,21461.95,0.538,2.818,10.585,27.406,27.861862019952095,72.1381379800479
2024-09-22T22:00:00,2024-09-22T22:00:00,4.421,567.795,5.202,2.642,10.009,8.08,2.398,0.478,0,26.167,44.938,20914.958,0.621,2.985,10.669,26.167,28.96351395374091,71.0364860462591
2024-09-22T23:00:00,2024-09-22T23:00:00,4.378,575.772,4.832,2.522,10.003,7.734,2.315,0.203,0,25.087,43.295,20333.045,0.561,2.766,10.227,25.087000000000003,28.960185762020725,71.03981423797927
2024-09-23T00:00:00,2024-09-23T00:00:00,4.371,586.906,4.21,2.497,10.204,7.414,2.273,0.042,0,24.142,42.424,19877.932,0.472,2.387,9.727,24.143000000000004,28.71863005609684,71.28136994390316